schedule,seed,sigma,mse,bayes_mse,excess_mse,mode_error
cosine_vp_as_ve,20260526,0.010000000000000005,0.047734130173921585,9.542484622215852e-05,0.04782722890377045,0.0
cosine_vp_as_ve,20260526,0.01100994602298563,0.05356958508491516,0.00011811805597972125,0.053522564470767975,0.0
cosine_vp_as_ve,20260526,0.012121891142905695,0.03798660635948181,0.0001605519064469263,0.037813544273376465,0.0
cosine_vp_as_ve,20260526,0.013346136717989924,0.04034791886806488,0.00017270538955926895,0.04015643149614334,0.0
cosine_vp_as_ve,20260526,0.01469402448804556,0.07157329469919205,0.00023407532717101276,0.07278938591480255,0.0
cosine_vp_as_ve,20260526,0.01617804164738105,0.11671637743711472,0.0002449161256663501,0.11724979430437088,0.0
cosine_vp_as_ve,20260526,0.01781193652952788,0.12833189964294434,0.0003437181585468352,0.12897279858589172,0.0
cosine_vp_as_ve,20260526,0.019610845975494787,0.10199005156755447,0.00036461607669480145,0.1016046479344368,0.0
cosine_vp_as_ve,20260526,0.02159143556552824,0.04142579436302185,0.0004382277256809175,0.04017772525548935,0.0
cosine_vp_as_ve,20260526,0.023772054013523794,0.02810528129339218,0.0005291799898259342,0.026995353400707245,0.0
cosine_vp_as_ve,20260526,0.02617290315443958,0.028215153142809868,0.0006737281801179051,0.028647616505622864,0.0
cosine_vp_as_ve,20260526,0.028816225099520986,0.02754703164100647,0.0007529181893914938,0.02717677503824234,0.0
cosine_vp_as_ve,20260526,0.03172650829319295,0.04781841114163399,0.001105802832171321,0.04609362781047821,0.0
cosine_vp_as_ve,20260526,0.03493071438058602,0.06037866324186325,0.0011445549316704273,0.05797823518514633,0.0
cosine_vp_as_ve,20260526,0.038458527987457976,0.05839715898036957,0.0014438219368457794,0.05617794021964073,0.0
cosine_vp_as_ve,20260526,0.04234263172653941,0.050243064761161804,0.001840026001445949,0.049207113683223724,0.0
cosine_vp_as_ve,20260526,0.04661900897803576,0.03849267214536667,0.001870839623734355,0.035931751132011414,0.0
cosine_vp_as_ve,20260526,0.0513272772493256,0.03736407309770584,0.002497131936252117,0.03606876730918884,0.0
cosine_vp_as_ve,20260526,0.05651105520218928,0.046011243015527725,0.0033798336517065763,0.03996610641479492,0.0
cosine_vp_as_ve,20260526,0.062218366747806474,0.05559307709336281,0.004213773179799318,0.04792385548353195,0.0
cosine_vp_as_ve,20260526,0.0685020859531673,0.04783397167921066,0.0039008704479783773,0.04828600585460663,0.0
cosine_vp_as_ve,20260526,0.07542042688062935,0.056736186146736145,0.005020890384912491,0.04954566806554794,0.0
cosine_vp_as_ve,20260526,0.0830374828986263,0.04088738188147545,0.006410274654626846,0.03566679731011391,0.0
cosine_vp_as_ve,20260526,0.09142382045984675,0.03935651481151581,0.008372052572667599,0.030688542872667313,0.0
cosine_vp_as_ve,20260526,0.10065713284780411,0.04938419908285141,0.010737309232354164,0.03690950945019722,0.0
cosine_vp_as_ve,20260526,0.11082295994828163,0.07741232216358185,0.011386418715119362,0.06537452340126038,0.0
cosine_vp_as_ve,20260526,0.12201548071380787,0.10078232735395432,0.01566263847053051,0.08572758734226227,0.0
cosine_vp_as_ve,20260526,0.13433838566276676,0.0973738580942154,0.016114890575408936,0.08472348749637604,0.0
cosine_vp_as_ve,20260526,0.14790583749620875,0.07210996747016907,0.019808245822787285,0.05333155393600464,0.0
cosine_vp_as_ve,20260526,0.16284352873177418,0.06133142113685608,0.02465759962797165,0.04104115813970566,0.00390625
cosine_vp_as_ve,20260526,0.1792898461529342,0.07086890190839767,0.02992146648466587,0.03553420305252075,0.0
cosine_vp_as_ve,20260526,0.19739715286132026,0.07524000108242035,0.028127340599894524,0.04351889342069626,0.00390625
cosine_vp_as_ve,20260526,0.21733319980941776,0.07897144556045532,0.03498836234211922,0.051581062376499176,0.0
cosine_vp_as_ve,20260526,0.23928267989044386,0.11488975584506989,0.05213448405265808,0.0670219287276268,0.0
cosine_vp_as_ve,20260526,0.2634489389829135,0.11485828459262848,0.0490620881319046,0.05689949542284012,0.0
cosine_vp_as_ve,20260526,0.290055859801471,0.11035536229610443,0.05397621542215347,0.057227492332458496,0.0
cosine_vp_as_ve,20260526,0.3193499360064882,0.13122639060020447,0.07278387248516083,0.05115866661071777,0.0
cosine_vp_as_ve,20260526,0.35160255578753474,0.10962307453155518,0.07853004336357117,0.03239721804857254,0.0
cosine_vp_as_ve,20260526,0.3871125160764548,0.10673321038484573,0.08977431058883667,0.019121406599879265,0.0
cosine_vp_as_ve,20260526,0.4262087906823923,0.11275263130664825,0.09162603318691254,0.027887988835573196,0.0
cosine_vp_as_ve,20260526,0.46925357799351164,0.16301684081554413,0.1256086677312851,0.05037982761859894,0.0078125
cosine_vp_as_ve,20260526,0.5166456564801436,0.18094098567962646,0.13374684751033783,0.06193135678768158,0.0
cosine_vp_as_ve,20260526,0.5688240790856355,0.2567111849784851,0.14959704875946045,0.10412652045488358,0.0078125
cosine_vp_as_ve,20260526,0.6262722407307354,0.2865552306175232,0.15395422279834747,0.10076577961444855,0.015625
cosine_vp_as_ve,20260526,0.6895223566139651,0.2974787950515747,0.20792068541049957,0.10103058069944382,0.0078125
cosine_vp_as_ve,20260526,0.7591603927961601,0.38220784068107605,0.2019246518611908,0.12399151921272278,0.0
cosine_vp_as_ve,20260526,0.8358314947474289,0.4348762035369873,0.3827401399612427,0.11258742958307266,0.02734375
cosine_vp_as_ve,20260526,0.9202459641480578,0.4244754910469055,0.27816033363342285,0.09979572892189026,0.01171875
cosine_vp_as_ve,20260526,1.0131858393140483,0.5335471034049988,0.4032949209213257,0.11878300458192825,0.03515625
cosine_vp_as_ve,20260526,1.1155121402101058,0.742362380027771,0.6658603549003601,0.13313212990760803,0.05859375
cosine_vp_as_ve,20260526,1.2281728451698428,0.7180426716804504,0.6548469066619873,0.1458657830953598,0.05078125
cosine_vp_as_ve,20260526,1.3522116732216651,1.1569359302520752,1.050274133682251,0.12530635297298431,0.109375
cosine_vp_as_ve,20260526,1.4887777533821611,1.2619990110397339,1.035513162612915,0.10810734331607819,0.0859375
cosine_vp_as_ve,20260526,1.6391362704959387,1.5034444332122803,1.4395813941955566,0.07341880351305008,0.1328125
cosine_vp_as_ve,20260526,1.804680186247825,1.7823582887649536,1.7227742671966553,0.06258369982242584,0.13671875
cosine_vp_as_ve,20260526,1.9869431439340202,1.8622130155563354,1.7884626388549805,0.08493038266897202,0.15234375
cosine_vp_as_ve,20260526,2.18761367654549,2.2020370960235596,2.0971899032592773,0.12497594952583313,0.17578125
cosine_vp_as_ve,20260526,2.4085508497910983,2.403400421142578,2.151017427444458,0.19384247064590454,0.2109375
cosine_vp_as_ve,20260526,2.651801484981615,2.972926378250122,2.6756443977355957,0.2525619566440582,0.23046875
cosine_vp_as_ve,20260526,2.9196191213320715,3.9093663692474365,3.43690824508667,0.3855757713317871,0.31640625
cosine_vp_as_ve,20260526,3.21448489335428,3.6750741004943848,3.1875479221343994,0.48572444915771484,0.2890625
cosine_vp_as_ve,20260526,3.5391305167533327,3.490327835083008,3.066948890686035,0.5675709247589111,0.28125
cosine_vp_as_ve,20260526,3.896563595775542,3.9068355560302734,2.978511333465576,0.6986940503120422,0.328125
cosine_vp_as_ve,20260526,4.290095486461946,4.456168174743652,3.6328728199005127,0.6976789832115173,0.3671875
cosine_vp_as_ve,20260526,4.723371973940028,4.307930946350098,3.35465669631958,0.804347038269043,0.3671875
cosine_vp_as_ve,20260526,5.200407047956278,4.443972587585449,3.5185399055480957,0.8071159720420837,0.39453125
cosine_vp_as_ve,20260526,5.72562008955526,4.621747970581055,3.6609935760498047,0.8542356491088867,0.37109375
cosine_vp_as_ve,20260526,6.303876813412554,4.60420036315918,3.648256778717041,1.0484988689422607,0.46484375
cosine_vp_as_ve,20260526,6.940534345122285,5.4397101402282715,4.336997985839844,1.082113265991211,0.49609375
cosine_vp_as_ve,20260526,7.6414908510474175,5.086047649383545,3.9199109077453613,1.155674695968628,0.44921875
cosine_vp_as_ve,20260526,8.413240180517057,5.2174458503723145,4.018165588378906,1.1161400079727173,0.46875
cosine_vp_as_ve,20260526,9.262932026590663,5.222352504730225,4.251852989196777,1.024176836013794,0.47265625
cosine_vp_as_ve,20260526,10.198438162734806,4.937132835388184,4.01623010635376,0.9391025304794312,0.51171875
cosine_vp_as_ve,20260526,11.228425369046683,4.296462059020996,4.103599548339844,0.7858982682228088,0.4375
cosine_vp_as_ve,20260526,12.362435723632643,4.848063945770264,4.155542373657227,0.7215534448623657,0.5078125
cosine_vp_as_ve,20260526,13.610975002982464,5.035647392272949,4.253422737121582,0.7577021718025208,0.5078125
cosine_vp_as_ve,20260526,14.985610010304342,4.743998050689697,4.095681190490723,0.7050961852073669,0.5546875
cosine_vp_as_ve,20260526,16.499075733496387,4.978957653045654,4.182314872741699,0.7095401883125305,0.546875
cosine_vp_as_ve,20260526,18.16539332549472,5.448370456695557,4.5231828689575195,0.6300026178359985,0.55078125
cosine_vp_as_ve,20260526,19.999999999999996,4.799522876739502,4.218355655670166,0.6006710529327393,0.50390625
linear_gamma_as_ve,20260526,0.010000000000000005,0.27156245708465576,9.542484622215852e-05,0.27131742238998413,0.0
linear_gamma_as_ve,20260526,0.01100994602298563,0.23510581254959106,0.00011811805597972125,0.23502686619758606,0.0
linear_gamma_as_ve,20260526,0.012121891142905695,0.2599361836910248,0.0001605519064469263,0.26026564836502075,0.0
linear_gamma_as_ve,20260526,0.013346136717989924,0.21934673190116882,0.00017270538955926895,0.21950241923332214,0.0
linear_gamma_as_ve,20260526,0.01469402448804556,0.25940895080566406,0.00023407532717101276,0.25827422738075256,0.00390625
linear_gamma_as_ve,20260526,0.01617804164738105,0.3163505792617798,0.0002449161256663501,0.31527113914489746,0.0
linear_gamma_as_ve,20260526,0.01781193652952788,0.3430081009864807,0.0003437181585468352,0.3414943218231201,0.0
linear_gamma_as_ve,20260526,0.019610845975494787,0.3350467383861542,0.00036461607669480145,0.3342822790145874,0.0
linear_gamma_as_ve,20260526,0.02159143556552824,0.2668488621711731,0.0004382277256809175,0.26578855514526367,0.0
linear_gamma_as_ve,20260526,0.023772054013523794,0.19776535034179688,0.0005291799898259342,0.19427481293678284,0.0
linear_gamma_as_ve,20260526,0.02617290315443958,0.18331675231456757,0.0006737281801179051,0.1840377300977707,0.0
linear_gamma_as_ve,20260526,0.028816225099520986,0.15527251362800598,0.0007529181893914938,0.15586306154727936,0.0
linear_gamma_as_ve,20260526,0.03172650829319295,0.16855284571647644,0.001105802832171321,0.1665404587984085,0.0
linear_gamma_as_ve,20260526,0.03493071438058602,0.16272883117198944,0.0011445549316704273,0.16128279268741608,0.0
linear_gamma_as_ve,20260526,0.038458527987457976,0.20315508544445038,0.0014438219368457794,0.2038806825876236,0.0
linear_gamma_as_ve,20260526,0.04234263172653941,0.2416139394044876,0.001840026001445949,0.24076323211193085,0.0
linear_gamma_as_ve,20260526,0.04661900897803576,0.22146007418632507,0.001870839623734355,0.2157907485961914,0.0
linear_gamma_as_ve,20260526,0.0513272772493256,0.19574494659900665,0.002497131936252117,0.19147804379463196,0.0
linear_gamma_as_ve,20260526,0.05651105520218928,0.1939326822757721,0.0033798336517065763,0.1856221705675125,0.0
linear_gamma_as_ve,20260526,0.062218366747806474,0.21595463156700134,0.004213773179799318,0.2080245316028595,0.0
linear_gamma_as_ve,20260526,0.0685020859531673,0.17429494857788086,0.0039008704479783773,0.17272979021072388,0.0
linear_gamma_as_ve,20260526,0.07542042688062935,0.19478647410869598,0.005020890384912491,0.19514578580856323,0.0
linear_gamma_as_ve,20260526,0.0830374828986263,0.19572314620018005,0.006410274654626846,0.18906256556510925,0.0
linear_gamma_as_ve,20260526,0.09142382045984675,0.1965254247188568,0.008372052572667599,0.1912473738193512,0.0
linear_gamma_as_ve,20260526,0.10065713284780411,0.18649666011333466,0.010737309232354164,0.18031765520572662,0.0
linear_gamma_as_ve,20260526,0.11082295994828163,0.1600365936756134,0.011386418715119362,0.1412326693534851,0.0
linear_gamma_as_ve,20260526,0.12201548071380787,0.16910630464553833,0.01566263847053051,0.1486005187034607,0.0
linear_gamma_as_ve,20260526,0.13433838566276676,0.17655004560947418,0.016114890575408936,0.15662595629692078,0.0
linear_gamma_as_ve,20260526,0.14790583749620875,0.15479439496994019,0.019808245822787285,0.1232592910528183,0.0
linear_gamma_as_ve,20260526,0.16284352873177418,0.1304396539926529,0.02465759962797165,0.11677981168031693,0.0
linear_gamma_as_ve,20260526,0.1792898461529342,0.15648560225963593,0.02992146648466587,0.12903569638729095,0.0
linear_gamma_as_ve,20260526,0.19739715286132026,0.16209903359413147,0.028127340599894524,0.12982341647148132,0.0
linear_gamma_as_ve,20260526,0.21733319980941776,0.17103290557861328,0.03498836234211922,0.13439017534255981,0.0
linear_gamma_as_ve,20260526,0.23928267989044386,0.15934711694717407,0.05213448405265808,0.11162422597408295,0.0
linear_gamma_as_ve,20260526,0.2634489389829135,0.13443619012832642,0.0490620881319046,0.09821949899196625,0.0
linear_gamma_as_ve,20260526,0.290055859801471,0.13527950644493103,0.05397621542215347,0.08710725605487823,0.0
linear_gamma_as_ve,20260526,0.3193499360064882,0.18088719248771667,0.07278387248516083,0.09625605493783951,0.0
linear_gamma_as_ve,20260526,0.35160255578753474,0.1530483365058899,0.07853004336357117,0.0737927183508873,0.0
linear_gamma_as_ve,20260526,0.3871125160764548,0.16761687397956848,0.08977431058883667,0.07107137888669968,0.0
linear_gamma_as_ve,20260526,0.4262087906823923,0.1673581302165985,0.09162603318691254,0.07385587692260742,0.0
linear_gamma_as_ve,20260526,0.46925357799351164,0.18959170579910278,0.1256086677312851,0.08706711232662201,0.00390625
linear_gamma_as_ve,20260526,0.5166456564801436,0.22313229739665985,0.13374684751033783,0.10290654003620148,0.0
linear_gamma_as_ve,20260526,0.5688240790856355,0.29819434881210327,0.14959704875946045,0.1565702259540558,0.0
linear_gamma_as_ve,20260526,0.6262722407307354,0.3422842025756836,0.15395422279834747,0.16841894388198853,0.015625
linear_gamma_as_ve,20260526,0.6895223566139651,0.37004196643829346,0.20792068541049957,0.16147442162036896,0.01171875
linear_gamma_as_ve,20260526,0.7591603927961601,0.4377606213092804,0.2019246518611908,0.1754884570837021,0.0
linear_gamma_as_ve,20260526,0.8358314947474289,0.4625796973705292,0.3827401399612427,0.15239179134368896,0.02734375
linear_gamma_as_ve,20260526,0.9202459641480578,0.47419655323028564,0.27816033363342285,0.13315802812576294,0.01171875
linear_gamma_as_ve,20260526,1.0131858393140483,0.5472671985626221,0.4032949209213257,0.14356186985969543,0.03515625
linear_gamma_as_ve,20260526,1.1155121402101058,0.7494322657585144,0.6658603549003601,0.14361639320850372,0.0625
linear_gamma_as_ve,20260526,1.2281728451698428,0.7392331957817078,0.6548469066619873,0.13126452267169952,0.046875
linear_gamma_as_ve,20260526,1.3522116732216651,1.1155059337615967,1.050274133682251,0.10480441898107529,0.1015625
linear_gamma_as_ve,20260526,1.4887777533821611,1.2158172130584717,1.035513162612915,0.07093003392219543,0.08203125
linear_gamma_as_ve,20260526,1.6391362704959387,1.4706645011901855,1.4395813941955566,0.03134659305214882,0.125
linear_gamma_as_ve,20260526,1.804680186247825,1.735015630722046,1.7227742671966553,0.013417436741292477,0.140625
linear_gamma_as_ve,20260526,1.9869431439340202,1.8093820810317993,1.7884626388549805,0.019917963072657585,0.14453125
linear_gamma_as_ve,20260526,2.18761367654549,2.11601185798645,2.0971899032592773,0.03503941744565964,0.1796875
linear_gamma_as_ve,20260526,2.4085508497910983,2.248866319656372,2.151017427444458,0.0743110328912735,0.20703125
linear_gamma_as_ve,20260526,2.651801484981615,2.8194050788879395,2.6756443977355957,0.11807212233543396,0.22265625
linear_gamma_as_ve,20260526,2.9196191213320715,3.7178986072540283,3.43690824508667,0.2121886909008026,0.31640625
linear_gamma_as_ve,20260526,3.21448489335428,3.4955861568450928,3.1875479221343994,0.294645756483078,0.2890625
linear_gamma_as_ve,20260526,3.5391305167533327,3.3529164791107178,3.066948890686035,0.4008879065513611,0.2734375
linear_gamma_as_ve,20260526,3.896563595775542,3.6557888984680176,2.978511333465576,0.5140703916549683,0.30078125
linear_gamma_as_ve,20260526,4.290095486461946,4.3969550132751465,3.6328728199005127,0.5889449119567871,0.359375
linear_gamma_as_ve,20260526,4.723371973940028,4.173022270202637,3.35465669631958,0.6717910766601562,0.32421875
linear_gamma_as_ve,20260526,5.200407047956278,4.36341667175293,3.5185399055480957,0.7279157638549805,0.37109375
linear_gamma_as_ve,20260526,5.72562008955526,4.415282726287842,3.6609935760498047,0.8101431131362915,0.3359375
linear_gamma_as_ve,20260526,6.303876813412554,4.491644859313965,3.648256778717041,0.9030388593673706,0.3984375
linear_gamma_as_ve,20260526,6.940534345122285,5.495067596435547,4.336997985839844,1.0293852090835571,0.4609375
linear_gamma_as_ve,20260526,7.6414908510474175,5.040700912475586,3.9199109077453613,1.1157523393630981,0.37890625
linear_gamma_as_ve,20260526,8.413240180517057,5.130388259887695,4.018165588378906,1.1192166805267334,0.37890625
linear_gamma_as_ve,20260526,9.262932026590663,5.239598274230957,4.251852989196777,1.0448812246322632,0.40234375
linear_gamma_as_ve,20260526,10.198438162734806,4.971324920654297,4.01623010635376,1.0084513425827026,0.41015625
linear_gamma_as_ve,20260526,11.228425369046683,4.411799907684326,4.103599548339844,0.8391017913818359,0.42578125
linear_gamma_as_ve,20260526,12.362435723632643,5.270394325256348,4.155542373657227,0.8651195168495178,0.4921875
linear_gamma_as_ve,20260526,13.610975002982464,5.073157787322998,4.253422737121582,0.7936646938323975,0.421875
linear_gamma_as_ve,20260526,14.985610010304342,4.866593837738037,4.095681190490723,0.7440512776374817,0.46484375
linear_gamma_as_ve,20260526,16.499075733496387,4.797088623046875,4.182314872741699,0.8050123453140259,0.4140625
linear_gamma_as_ve,20260526,18.16539332549472,5.546506881713867,4.5231828689575195,0.7710162997245789,0.46875
linear_gamma_as_ve,20260526,19.999999999999996,4.971720218658447,4.218355655670166,0.7759987711906433,0.45703125
hang_laplace_lambda_b0.5,20260526,0.010000000000000005,0.5241732001304626,9.542484622215852e-05,0.5239485502243042,0.0
hang_laplace_lambda_b0.5,20260526,0.01100994602298563,0.5482308268547058,0.00011811805597972125,0.5479991436004639,0.0
hang_laplace_lambda_b0.5,20260526,0.012121891142905695,0.6424689292907715,0.0001605519064469263,0.6434110403060913,0.0
hang_laplace_lambda_b0.5,20260526,0.013346136717989924,0.61874920129776,0.00017270538955926895,0.619062066078186,0.0
hang_laplace_lambda_b0.5,20260526,0.01469402448804556,0.6591552495956421,0.00023407532717101276,0.6563215255737305,0.00390625
hang_laplace_lambda_b0.5,20260526,0.01617804164738105,0.7041915059089661,0.0002449161256663501,0.7023522853851318,0.0
hang_laplace_lambda_b0.5,20260526,0.01781193652952788,0.7337830066680908,0.0003437181585468352,0.730708658695221,0.0
hang_laplace_lambda_b0.5,20260526,0.019610845975494787,0.749565601348877,0.00036461607669480145,0.7485787868499756,0.00390625
hang_laplace_lambda_b0.5,20260526,0.02159143556552824,0.7234287261962891,0.0004382277256809175,0.7223672866821289,0.0
hang_laplace_lambda_b0.5,20260526,0.023772054013523794,0.6112937927246094,0.0005291799898259342,0.6058918237686157,0.0
hang_laplace_lambda_b0.5,20260526,0.02617290315443958,0.587294340133667,0.0006737281801179051,0.5876842141151428,0.0
hang_laplace_lambda_b0.5,20260526,0.028816225099520986,0.5122343301773071,0.0007529181893914938,0.5134249329566956,0.0
hang_laplace_lambda_b0.5,20260526,0.03172650829319295,0.4794362485408783,0.001105802832171321,0.47736796736717224,0.0
hang_laplace_lambda_b0.5,20260526,0.03493071438058602,0.4083126187324524,0.0011445549316704273,0.4077478349208832,0.0
hang_laplace_lambda_b0.5,20260526,0.038458527987457976,0.4077743589878082,0.0014438219368457794,0.41088682413101196,0.0
hang_laplace_lambda_b0.5,20260526,0.04234263172653941,0.4332163333892822,0.001840026001445949,0.43149590492248535,0.0
hang_laplace_lambda_b0.5,20260526,0.04661900897803576,0.44078731536865234,0.001870839623734355,0.43631070852279663,0.0
hang_laplace_lambda_b0.5,20260526,0.0513272772493256,0.4547675848007202,0.002497131936252117,0.44625401496887207,0.0
hang_laplace_lambda_b0.5,20260526,0.05651105520218928,0.49550604820251465,0.0033798336517065763,0.4876333773136139,0.0
hang_laplace_lambda_b0.5,20260526,0.062218366747806474,0.5721940994262695,0.004213773179799318,0.5673545598983765,0.0
hang_laplace_lambda_b0.5,20260526,0.0685020859531673,0.513829231262207,0.0039008704479783773,0.510178804397583,0.0
hang_laplace_lambda_b0.5,20260526,0.07542042688062935,0.5491359233856201,0.005020890384912491,0.5552590489387512,0.0
hang_laplace_lambda_b0.5,20260526,0.0830374828986263,0.5122024416923523,0.006410274654626846,0.5063396692276001,0.0
hang_laplace_lambda_b0.5,20260526,0.09142382045984675,0.4871174097061157,0.008372052572667599,0.48228132724761963,0.0
hang_laplace_lambda_b0.5,20260526,0.10065713284780411,0.5182502865791321,0.010737309232354164,0.518165647983551,0.0
hang_laplace_lambda_b0.5,20260526,0.11082295994828163,0.47048047184944153,0.011386418715119362,0.4485849440097809,0.0
hang_laplace_lambda_b0.5,20260526,0.12201548071380787,0.4918507933616638,0.01566263847053051,0.46941643953323364,0.0
hang_laplace_lambda_b0.5,20260526,0.13433838566276676,0.4720027446746826,0.016114890575408936,0.44887441396713257,0.0
hang_laplace_lambda_b0.5,20260526,0.14790583749620875,0.4447023272514343,0.019808245822787285,0.40439024567604065,0.0
hang_laplace_lambda_b0.5,20260526,0.16284352873177418,0.3631640076637268,0.02465759962797165,0.35957446694374084,0.0
hang_laplace_lambda_b0.5,20260526,0.1792898461529342,0.3468218445777893,0.02992146648466587,0.3229914903640747,0.0
hang_laplace_lambda_b0.5,20260526,0.19739715286132026,0.3422446548938751,0.028127340599894524,0.29816436767578125,0.0
hang_laplace_lambda_b0.5,20260526,0.21733319980941776,0.34395432472229004,0.03498836234211922,0.2998727262020111,0.0
hang_laplace_lambda_b0.5,20260526,0.23928267989044386,0.3406740725040436,0.05213448405265808,0.29522597789764404,0.0
hang_laplace_lambda_b0.5,20260526,0.2634489389829135,0.3415669798851013,0.0490620881319046,0.319557249546051,0.0
hang_laplace_lambda_b0.5,20260526,0.290055859801471,0.3651999235153198,0.05397621542215347,0.32486850023269653,0.0
hang_laplace_lambda_b0.5,20260526,0.3193499360064882,0.4352414011955261,0.07278387248516083,0.34407877922058105,0.0
hang_laplace_lambda_b0.5,20260526,0.35160255578753474,0.41280895471572876,0.07853004336357117,0.3288624882698059,0.0
hang_laplace_lambda_b0.5,20260526,0.3871125160764548,0.43167781829833984,0.08977431058883667,0.3243987262248993,0.0
hang_laplace_lambda_b0.5,20260526,0.4262087906823923,0.4081212282180786,0.09162603318691254,0.3049841523170471,0.0
hang_laplace_lambda_b0.5,20260526,0.46925357799351164,0.38819220662117004,0.1256086677312851,0.30543631315231323,0.0
hang_laplace_lambda_b0.5,20260526,0.5166456564801436,0.4401353597640991,0.13374684751033783,0.30721890926361084,0.0
hang_laplace_lambda_b0.5,20260526,0.5688240790856355,0.46029597520828247,0.14959704875946045,0.32935410737991333,0.00390625
hang_laplace_lambda_b0.5,20260526,0.6262722407307354,0.4968433976173401,0.15395422279834747,0.347230464220047,0.00390625
hang_laplace_lambda_b0.5,20260526,0.6895223566139651,0.5649561882019043,0.20792068541049957,0.34965774416923523,0.01171875
hang_laplace_lambda_b0.5,20260526,0.7591603927961601,0.6322335004806519,0.2019246518611908,0.3537414073944092,0.0
hang_laplace_lambda_b0.5,20260526,0.8358314947474289,0.6138742566108704,0.3827401399612427,0.31259018182754517,0.02734375
hang_laplace_lambda_b0.5,20260526,0.9202459641480578,0.6626084446907043,0.27816033363342285,0.2838810682296753,0.01171875
hang_laplace_lambda_b0.5,20260526,1.0131858393140483,0.6922218203544617,0.4032949209213257,0.30320611596107483,0.03515625
hang_laplace_lambda_b0.5,20260526,1.1155121402101058,0.8987382650375366,0.6658603549003601,0.32225000858306885,0.0625
hang_laplace_lambda_b0.5,20260526,1.2281728451698428,0.913239598274231,0.6548469066619873,0.28985100984573364,0.046875
hang_laplace_lambda_b0.5,20260526,1.3522116732216651,1.2279504537582397,1.050274133682251,0.2613986134529114,0.10546875
hang_laplace_lambda_b0.5,20260526,1.4887777533821611,1.374028205871582,1.035513162612915,0.2045946717262268,0.078125
hang_laplace_lambda_b0.5,20260526,1.6391362704959387,1.6091620922088623,1.4395813941955566,0.15008023381233215,0.125
hang_laplace_lambda_b0.5,20260526,1.804680186247825,1.8192105293273926,1.7227742671966553,0.10358281433582306,0.14453125
hang_laplace_lambda_b0.5,20260526,1.9869431439340202,1.9185285568237305,1.7884626388549805,0.10719803720712662,0.1484375
hang_laplace_lambda_b0.5,20260526,2.18761367654549,2.2034332752227783,2.0971899032592773,0.09113521128892899,0.17578125
hang_laplace_lambda_b0.5,20260526,2.4085508497910983,2.304262638092041,2.151017427444458,0.17754754424095154,0.19140625
hang_laplace_lambda_b0.5,20260526,2.651801484981615,3.022371530532837,2.6756443977355957,0.23659977316856384,0.2109375
hang_laplace_lambda_b0.5,20260526,2.9196191213320715,3.9865736961364746,3.43690824508667,0.3441060185432434,0.30859375
hang_laplace_lambda_b0.5,20260526,3.21448489335428,3.839906692504883,3.1875479221343994,0.6235942840576172,0.2890625
hang_laplace_lambda_b0.5,20260526,3.5391305167533327,3.9980359077453613,3.066948890686035,0.978756844997406,0.28125
hang_laplace_lambda_b0.5,20260526,3.896563595775542,4.422664165496826,2.978511333465576,1.6346890926361084,0.3046875
hang_laplace_lambda_b0.5,20260526,4.290095486461946,6.1638946533203125,3.6328728199005127,2.098184108734131,0.359375
hang_laplace_lambda_b0.5,20260526,4.723371973940028,6.7313737869262695,3.35465669631958,3.2191576957702637,0.32421875
hang_laplace_lambda_b0.5,20260526,5.200407047956278,7.324141979217529,3.5185399055480957,3.6562180519104004,0.37109375
hang_laplace_lambda_b0.5,20260526,5.72562008955526,7.102938652038574,3.6609935760498047,4.355976581573486,0.3359375
hang_laplace_lambda_b0.5,20260526,6.303876813412554,9.559478759765625,3.648256778717041,5.847789764404297,0.38671875
hang_laplace_lambda_b0.5,20260526,6.940534345122285,12.086636543273926,4.336997985839844,6.522793769836426,0.45703125
hang_laplace_lambda_b0.5,20260526,7.6414908510474175,11.837703704833984,3.9199109077453613,7.977067470550537,0.3828125
hang_laplace_lambda_b0.5,20260526,8.413240180517057,13.123015403747559,4.018165588378906,9.963418960571289,0.37890625
hang_laplace_lambda_b0.5,20260526,9.262932026590663,18.634614944458008,4.251852989196777,14.394071578979492,0.40234375
hang_laplace_lambda_b0.5,20260526,10.198438162734806,17.366771697998047,4.01623010635376,13.563870429992676,0.4140625
hang_laplace_lambda_b0.5,20260526,11.228425369046683,24.515270233154297,4.103599548339844,19.888561248779297,0.421875
hang_laplace_lambda_b0.5,20260526,12.362435723632643,29.461809158325195,4.155542373657227,22.58331298828125,0.4921875
hang_laplace_lambda_b0.5,20260526,13.610975002982464,34.13840103149414,4.253422737121582,29.779470443725586,0.41796875
hang_laplace_lambda_b0.5,20260526,14.985610010304342,38.89277648925781,4.095681190490723,33.89459991455078,0.46484375
hang_laplace_lambda_b0.5,20260526,16.499075733496387,46.12645721435547,4.182314872741699,44.80157470703125,0.4140625
hang_laplace_lambda_b0.5,20260526,18.16539332549472,55.00718307495117,4.5231828689575195,51.02805709838867,0.46875
hang_laplace_lambda_b0.5,20260526,19.999999999999996,73.18697357177734,4.218355655670166,68.61444091796875,0.45703125
edm_lognormal,20260526,0.010000000000000005,0.21503321826457977,9.542484622215852e-05,0.21480953693389893,0.0
edm_lognormal,20260526,0.01100994602298563,0.20956283807754517,0.00011811805597972125,0.20935490727424622,0.0
edm_lognormal,20260526,0.012121891142905695,0.25374335050582886,0.0001605519064469263,0.25403162837028503,0.0
edm_lognormal,20260526,0.013346136717989924,0.26460209488868713,0.00017270538955926895,0.2647799253463745,0.00390625
edm_lognormal,20260526,0.01469402448804556,0.28809189796447754,0.00023407532717101276,0.28620314598083496,0.00390625
edm_lognormal,20260526,0.01617804164738105,0.31136080622673035,0.0002449161256663501,0.30981630086898804,0.0
edm_lognormal,20260526,0.01781193652952788,0.2867789566516876,0.0003437181585468352,0.2845543324947357,0.0
edm_lognormal,20260526,0.019610845975494787,0.2404867261648178,0.00036461607669480145,0.23982156813144684,0.0
edm_lognormal,20260526,0.02159143556552824,0.2304592728614807,0.0004382277256809175,0.229987233877182,0.0
edm_lognormal,20260526,0.023772054013523794,0.21859019994735718,0.0005291799898259342,0.21597275137901306,0.0
edm_lognormal,20260526,0.02617290315443958,0.23491793870925903,0.0006737281801179051,0.2349340170621872,0.0
edm_lognormal,20260526,0.028816225099520986,0.2298768162727356,0.0007529181893914938,0.23078903555870056,0.0
edm_lognormal,20260526,0.03172650829319295,0.2479615956544876,0.001105802832171321,0.24632616341114044,0.0
edm_lognormal,20260526,0.03493071438058602,0.22713086009025574,0.0011445549316704273,0.22659118473529816,0.0
edm_lognormal,20260526,0.038458527987457976,0.23158672451972961,0.0014438219368457794,0.23388192057609558,0.0
edm_lognormal,20260526,0.04234263172653941,0.22452899813652039,0.001840026001445949,0.22253236174583435,0.0
edm_lognormal,20260526,0.04661900897803576,0.20809844136238098,0.001870839623734355,0.20438116788864136,0.0
edm_lognormal,20260526,0.0513272772493256,0.21278618276119232,0.002497131936252117,0.20690932869911194,0.0
edm_lognormal,20260526,0.05651105520218928,0.23693424463272095,0.0033798336517065763,0.22951610386371613,0.0
edm_lognormal,20260526,0.062218366747806474,0.29672789573669434,0.004213773179799318,0.2906462252140045,0.0
edm_lognormal,20260526,0.0685020859531673,0.26140961050987244,0.0039008704479783773,0.25770580768585205,0.0
edm_lognormal,20260526,0.07542042688062935,0.2840016782283783,0.005020890384912491,0.2865183353424072,0.0
edm_lognormal,20260526,0.0830374828986263,0.24764376878738403,0.006410274654626846,0.24042955040931702,0.0
edm_lognormal,20260526,0.09142382045984675,0.20172178745269775,0.008372052572667599,0.1968849003314972,0.0
edm_lognormal,20260526,0.10065713284780411,0.19233274459838867,0.010737309232354164,0.18785859644412994,0.0
edm_lognormal,20260526,0.11082295994828163,0.1804826855659485,0.011386418715119362,0.16218248009681702,0.0
edm_lognormal,20260526,0.12201548071380787,0.20473597943782806,0.01566263847053051,0.1834692656993866,0.0
edm_lognormal,20260526,0.13433838566276676,0.20731428265571594,0.016114890575408936,0.18423247337341309,0.00390625
edm_lognormal,20260526,0.14790583749620875,0.18567685782909393,0.019808245822787285,0.1505071222782135,0.0
edm_lognormal,20260526,0.16284352873177418,0.18253406882286072,0.02465759962797165,0.16616009175777435,0.0
edm_lognormal,20260526,0.1792898461529342,0.2009914070367813,0.02992146648466587,0.17933590710163116,0.0
edm_lognormal,20260526,0.19739715286132026,0.19633814692497253,0.028127340599894524,0.1668316125869751,0.0
edm_lognormal,20260526,0.21733319980941776,0.20723125338554382,0.03498836234211922,0.16412080824375153,0.0
edm_lognormal,20260526,0.23928267989044386,0.21160143613815308,0.05213448405265808,0.16201163828372955,0.0
edm_lognormal,20260526,0.2634489389829135,0.18002335727214813,0.0490620881319046,0.1590304672718048,0.0
edm_lognormal,20260526,0.290055859801471,0.22633838653564453,0.05397621542215347,0.18520663678646088,0.0
edm_lognormal,20260526,0.3193499360064882,0.2872910499572754,0.07278387248516083,0.20946107804775238,0.0
edm_lognormal,20260526,0.35160255578753474,0.29858696460723877,0.07853004336357117,0.21825025975704193,0.0
edm_lognormal,20260526,0.3871125160764548,0.3588566482067108,0.08977431058883667,0.25756189227104187,0.0078125
edm_lognormal,20260526,0.4262087906823923,0.34405696392059326,0.09162603318691254,0.23999124765396118,0.0
edm_lognormal,20260526,0.46925357799351164,0.3306106925010681,0.1256086677312851,0.24482783675193787,0.00390625
edm_lognormal,20260526,0.5166456564801436,0.3909836709499359,0.13374684751033783,0.2570412755012512,0.0
edm_lognormal,20260526,0.5688240790856355,0.42658430337905884,0.14959704875946045,0.2931070327758789,0.00390625
edm_lognormal,20260526,0.6262722407307354,0.49135178327560425,0.15395422279834747,0.34686052799224854,0.0
edm_lognormal,20260526,0.6895223566139651,0.6139717102050781,0.20792068541049957,0.3921496868133545,0.015625
edm_lognormal,20260526,0.7591603927961601,0.6896531581878662,0.2019246518611908,0.39927351474761963,0.0078125
edm_lognormal,20260526,0.8358314947474289,0.6865670680999756,0.3827401399612427,0.37099939584732056,0.03125
edm_lognormal,20260526,0.9202459641480578,0.6706675291061401,0.27816033363342285,0.31604769825935364,0.03125
edm_lognormal,20260526,1.0131858393140483,0.6649338006973267,0.4032949209213257,0.29653987288475037,0.03125
edm_lognormal,20260526,1.1155121402101058,0.8948226571083069,0.6658603549003601,0.2980087697505951,0.046875
edm_lognormal,20260526,1.2281728451698428,0.9559065103530884,0.6548469066619873,0.2552230954170227,0.0546875
edm_lognormal,20260526,1.3522116732216651,1.2206957340240479,1.050274133682251,0.2341865599155426,0.08984375
edm_lognormal,20260526,1.4887777533821611,1.2242021560668945,1.035513162612915,0.1724100261926651,0.078125
edm_lognormal,20260526,1.6391362704959387,1.593660593032837,1.4395813941955566,0.16713127493858337,0.12890625
edm_lognormal,20260526,1.804680186247825,1.8247621059417725,1.7227742671966553,0.10368780791759491,0.12890625
edm_lognormal,20260526,1.9869431439340202,1.8613847494125366,1.7884626388549805,0.07915408164262772,0.15625
edm_lognormal,20260526,2.18761367654549,2.1439027786254883,2.0971899032592773,0.06738519668579102,0.1796875
edm_lognormal,20260526,2.4085508497910983,2.219292163848877,2.151017427444458,0.09990090131759644,0.171875
edm_lognormal,20260526,2.651801484981615,2.8647637367248535,2.6756443977355957,0.16557621955871582,0.19921875
edm_lognormal,20260526,2.9196191213320715,3.909130573272705,3.43690824508667,0.2772194743156433,0.296875
edm_lognormal,20260526,3.21448489335428,3.6512646675109863,3.1875479221343994,0.44233065843582153,0.2734375
edm_lognormal,20260526,3.5391305167533327,3.684718132019043,3.066948890686035,0.6650588512420654,0.28125
edm_lognormal,20260526,3.896563595775542,3.8071320056915283,2.978511333465576,0.9059200286865234,0.2890625
edm_lognormal,20260526,4.290095486461946,5.321183681488037,3.6328728199005127,1.294630765914917,0.34375
edm_lognormal,20260526,4.723371973940028,5.020292282104492,3.35465669631958,1.5357693433761597,0.328125
edm_lognormal,20260526,5.200407047956278,5.561460494995117,3.5185399055480957,1.906961441040039,0.37109375
edm_lognormal,20260526,5.72562008955526,5.5775651931762695,3.6609935760498047,2.5365161895751953,0.328125
edm_lognormal,20260526,6.303876813412554,6.595634460449219,3.648256778717041,2.9500460624694824,0.37890625
edm_lognormal,20260526,6.940534345122285,7.874650955200195,4.336997985839844,2.959871292114258,0.45703125
edm_lognormal,20260526,7.6414908510474175,8.103816986083984,3.9199109077453613,4.004627227783203,0.3828125
edm_lognormal,20260526,8.413240180517057,8.889669418334961,4.018165588378906,5.131952285766602,0.37890625
edm_lognormal,20260526,9.262932026590663,11.219712257385254,4.251852989196777,6.902597904205322,0.40234375
edm_lognormal,20260526,10.198438162734806,10.49931526184082,4.01623010635376,6.7721052169799805,0.41015625
edm_lognormal,20260526,11.228425369046683,12.343549728393555,4.103599548339844,8.08853530883789,0.42578125
edm_lognormal,20260526,12.362435723632643,15.871492385864258,4.155542373657227,9.561104774475098,0.4921875
edm_lognormal,20260526,13.610975002982464,17.31898307800293,4.253422737121582,13.02191162109375,0.421875
edm_lognormal,20260526,14.985610010304342,18.865928649902344,4.095681190490723,14.429621696472168,0.46875
edm_lognormal,20260526,16.499075733496387,21.963430404663086,4.182314872741699,19.70821189880371,0.4140625
edm_lognormal,20260526,18.16539332549472,30.22698974609375,4.5231828689575195,26.220659255981445,0.46875
edm_lognormal,20260526,19.999999999999996,36.714256286621094,4.218355655670166,32.01835250854492,0.45703125
r_normal_wide,20260526,0.010000000000000005,0.2815961241722107,9.542484622215852e-05,0.28148704767227173,0.0
r_normal_wide,20260526,0.01100994602298563,0.2778836488723755,0.00011811805597972125,0.2776239216327667,0.0
r_normal_wide,20260526,0.012121891142905695,0.3090982735157013,0.0001605519064469263,0.3095470666885376,0.0
r_normal_wide,20260526,0.013346136717989924,0.27821964025497437,0.00017270538955926895,0.27834585309028625,0.0
r_normal_wide,20260526,0.01469402448804556,0.281657338142395,0.00023407532717101276,0.2795323133468628,0.00390625
r_normal_wide,20260526,0.01617804164738105,0.28680747747421265,0.0002449161256663501,0.28553900122642517,0.0
r_normal_wide,20260526,0.01781193652952788,0.2818586528301239,0.0003437181585468352,0.2792840898036957,0.0
r_normal_wide,20260526,0.019610845975494787,0.2842279076576233,0.00036461607669480145,0.28359395265579224,0.0
r_normal_wide,20260526,0.02159143556552824,0.30328357219696045,0.0004382277256809175,0.30271464586257935,0.0
r_normal_wide,20260526,0.023772054013523794,0.28510478138923645,0.0005291799898259342,0.2820937931537628,0.0
r_normal_wide,20260526,0.02617290315443958,0.2851528227329254,0.0006737281801179051,0.2851262092590332,0.0
r_normal_wide,20260526,0.028816225099520986,0.25084587931632996,0.0007529181893914938,0.2523241937160492,0.0
r_normal_wide,20260526,0.03172650829319295,0.254382848739624,0.001105802832171321,0.25382840633392334,0.0
r_normal_wide,20260526,0.03493071438058602,0.2190992385149002,0.0011445549316704273,0.21892796456813812,0.0
r_normal_wide,20260526,0.038458527987457976,0.23544158041477203,0.0014438219368457794,0.23851239681243896,0.0
r_normal_wide,20260526,0.04234263172653941,0.2617843449115753,0.001840026001445949,0.25920796394348145,0.0
r_normal_wide,20260526,0.04661900897803576,0.2542477250099182,0.001870839623734355,0.2511919140815735,0.0
r_normal_wide,20260526,0.0513272772493256,0.266276478767395,0.002497131936252117,0.25969812273979187,0.0
r_normal_wide,20260526,0.05651105520218928,0.28312256932258606,0.0033798336517065763,0.27527526021003723,0.0
r_normal_wide,20260526,0.062218366747806474,0.3195314109325409,0.004213773179799318,0.3137513995170593,0.0
r_normal_wide,20260526,0.0685020859531673,0.2651109993457794,0.0039008704479783773,0.2617133855819702,0.0
r_normal_wide,20260526,0.07542042688062935,0.2825861871242523,0.005020890384912491,0.28535524010658264,0.0
r_normal_wide,20260526,0.0830374828986263,0.2696360945701599,0.006410274654626846,0.26313555240631104,0.0
r_normal_wide,20260526,0.09142382045984675,0.26444393396377563,0.008372052572667599,0.25956058502197266,0.0
r_normal_wide,20260526,0.10065713284780411,0.29520368576049805,0.010737309232354164,0.2923189401626587,0.0
r_normal_wide,20260526,0.11082295994828163,0.28532928228378296,0.011386418715119362,0.2652227282524109,0.0
r_normal_wide,20260526,0.12201548071380787,0.2978304326534271,0.01566263847053051,0.2759757339954376,0.0
r_normal_wide,20260526,0.13433838566276676,0.27896350622177124,0.016114890575408936,0.2563193142414093,0.00390625
r_normal_wide,20260526,0.14790583749620875,0.24702607095241547,0.019808245822787285,0.21168076992034912,0.0
r_normal_wide,20260526,0.16284352873177418,0.2114771604537964,0.02465759962797165,0.20186662673950195,0.0
r_normal_wide,20260526,0.1792898461529342,0.22356806695461273,0.02992146648466587,0.19795197248458862,0.0
r_normal_wide,20260526,0.19739715286132026,0.23321153223514557,0.028127340599894524,0.1938711255788803,0.0
r_normal_wide,20260526,0.21733319980941776,0.23193900287151337,0.03498836234211922,0.19126398861408234,0.0
r_normal_wide,20260526,0.23928267989044386,0.22050854563713074,0.05213448405265808,0.1729418933391571,0.0
r_normal_wide,20260526,0.2634489389829135,0.1839543879032135,0.0490620881319046,0.15832582116127014,0.0
r_normal_wide,20260526,0.290055859801471,0.19273778796195984,0.05397621542215347,0.148598313331604,0.0
r_normal_wide,20260526,0.3193499360064882,0.24303704500198364,0.07278387248516083,0.16006548702716827,0.0
r_normal_wide,20260526,0.35160255578753474,0.23614418506622314,0.07853004336357117,0.15549248456954956,0.0
r_normal_wide,20260526,0.3871125160764548,0.27469152212142944,0.08977431058883667,0.17235800623893738,0.0
r_normal_wide,20260526,0.4262087906823923,0.2796468734741211,0.09162603318691254,0.17956635355949402,0.0
r_normal_wide,20260526,0.46925357799351164,0.29229116439819336,0.1256086677312851,0.19906586408615112,0.0
r_normal_wide,20260526,0.5166456564801436,0.3428758382797241,0.13374684751033783,0.2156616598367691,0.0
r_normal_wide,20260526,0.5688240790856355,0.37960362434387207,0.14959704875946045,0.24531260132789612,0.00390625
r_normal_wide,20260526,0.6262722407307354,0.4188387989997864,0.15395422279834747,0.2649221420288086,0.00390625
r_normal_wide,20260526,0.6895223566139651,0.4936400055885315,0.20792068541049957,0.276314377784729,0.01171875
r_normal_wide,20260526,0.7591603927961601,0.5632492303848267,0.2019246518611908,0.28707510232925415,0.0
r_normal_wide,20260526,0.8358314947474289,0.5724973082542419,0.3827401399612427,0.26641592383384705,0.03125
r_normal_wide,20260526,0.9202459641480578,0.599294900894165,0.27816033363342285,0.23857273161411285,0.01171875
r_normal_wide,20260526,1.0131858393140483,0.6253535747528076,0.4032949209213257,0.24164144694805145,0.03125
r_normal_wide,20260526,1.1155121402101058,0.8434522151947021,0.6658603549003601,0.24611392617225647,0.04296875
r_normal_wide,20260526,1.2281728451698428,0.9001809358596802,0.6548469066619873,0.21516504883766174,0.046875
r_normal_wide,20260526,1.3522116732216651,1.1910169124603271,1.050274133682251,0.19615621864795685,0.0859375
r_normal_wide,20260526,1.4887777533821611,1.2002884149551392,1.035513162612915,0.13764674961566925,0.07421875
r_normal_wide,20260526,1.6391362704959387,1.5580494403839111,1.4395813941955566,0.12562593817710876,0.12109375
r_normal_wide,20260526,1.804680186247825,1.79183030128479,1.7227742671966553,0.07505352795124054,0.12890625
r_normal_wide,20260526,1.9869431439340202,1.8376010656356812,1.7884626388549805,0.056421976536512375,0.1484375
r_normal_wide,20260526,2.18761367654549,2.147156238555908,2.0971899032592773,0.06173347309231758,0.1875
r_normal_wide,20260526,2.4085508497910983,2.1591672897338867,2.151017427444458,0.07067087292671204,0.17578125
r_normal_wide,20260526,2.651801484981615,2.7357375621795654,2.6756443977355957,0.10271359235048294,0.19921875
r_normal_wide,20260526,2.9196191213320715,3.8306331634521484,3.43690824508667,0.17838071286678314,0.2890625
r_normal_wide,20260526,3.21448489335428,3.435347557067871,3.1875479221343994,0.2719776928424835,0.2890625
r_normal_wide,20260526,3.5391305167533327,3.404026746749878,3.066948890686035,0.4102746546268463,0.28125
r_normal_wide,20260526,3.896563595775542,3.5419564247131348,2.978511333465576,0.5491542816162109,0.28515625
r_normal_wide,20260526,4.290095486461946,4.717496871948242,3.6328728199005127,0.8072013854980469,0.34375
r_normal_wide,20260526,4.723371973940028,4.4666900634765625,3.35465669631958,0.9405596852302551,0.32421875
r_normal_wide,20260526,5.200407047956278,4.772258281707764,3.5185399055480957,1.1678828001022339,0.36328125
r_normal_wide,20260526,5.72562008955526,4.674426078796387,3.6609935760498047,1.4804670810699463,0.31640625
r_normal_wide,20260526,6.303876813412554,5.255115509033203,3.648256778717041,1.6109943389892578,0.3671875
r_normal_wide,20260526,6.940534345122285,6.678572654724121,4.336997985839844,1.8381439447402954,0.44921875
r_normal_wide,20260526,7.6414908510474175,6.294717788696289,3.9199109077453613,2.302457332611084,0.38671875
r_normal_wide,20260526,8.413240180517057,6.530510902404785,4.018165588378906,2.740457057952881,0.375
r_normal_wide,20260526,9.262932026590663,7.668301582336426,4.251852989196777,3.3868815898895264,0.40234375
r_normal_wide,20260526,10.198438162734806,7.18560791015625,4.01623010635376,3.3231658935546875,0.4140625
r_normal_wide,20260526,11.228425369046683,7.738430023193359,4.103599548339844,3.782763719558716,0.421875
r_normal_wide,20260526,12.362435723632643,10.019489288330078,4.155542373657227,4.484216213226318,0.4921875
r_normal_wide,20260526,13.610975002982464,9.883001327514648,4.253422737121582,5.634668350219727,0.421875
r_normal_wide,20260526,14.985610010304342,10.67768383026123,4.095681190490723,6.361006259918213,0.4765625
r_normal_wide,20260526,16.499075733496387,11.576920509338379,4.182314872741699,8.751270294189453,0.4140625
r_normal_wide,20260526,18.16539332549472,15.692194938659668,4.5231828689575195,11.461280822753906,0.4765625
r_normal_wide,20260526,19.999999999999996,18.492713928222656,4.218355655670166,14.09923267364502,0.4609375
r_normal_mid,20260526,0.010000000000000005,0.5887116193771362,9.542484622215852e-05,0.5883487462997437,0.0
r_normal_mid,20260526,0.01100994602298563,0.5969279408454895,0.00011811805597972125,0.5968427658081055,0.00390625
r_normal_mid,20260526,0.012121891142905695,0.6670612096786499,0.0001605519064469263,0.6679052710533142,0.0
r_normal_mid,20260526,0.013346136717989924,0.5992065668106079,0.00017270538955926895,0.5995930433273315,0.00390625
r_normal_mid,20260526,0.01469402448804556,0.5909204483032227,0.00023407532717101276,0.5885675549507141,0.00390625
r_normal_mid,20260526,0.01617804164738105,0.6079574823379517,0.0002449161256663501,0.6061570644378662,0.0
r_normal_mid,20260526,0.01781193652952788,0.6110946536064148,0.0003437181585468352,0.6083678007125854,0.0
r_normal_mid,20260526,0.019610845975494787,0.6029919385910034,0.00036461607669480145,0.6020627617835999,0.0
r_normal_mid,20260526,0.02159143556552824,0.581490695476532,0.0004382277256809175,0.5805457830429077,0.0
r_normal_mid,20260526,0.023772054013523794,0.5071414709091187,0.0005291799898259342,0.5022048950195312,0.0
r_normal_mid,20260526,0.02617290315443958,0.5108018517494202,0.0006737281801179051,0.5112455487251282,0.0
r_normal_mid,20260526,0.028816225099520986,0.4722411632537842,0.0007529181893914938,0.47309550642967224,0.0
r_normal_mid,20260526,0.03172650829319295,0.4702601134777069,0.001105802832171321,0.46784764528274536,0.0
r_normal_mid,20260526,0.03493071438058602,0.444044291973114,0.0011445549316704273,0.4434208273887634,0.0
r_normal_mid,20260526,0.038458527987457976,0.49003586173057556,0.0014438219368457794,0.4932357370853424,0.0078125
r_normal_mid,20260526,0.04234263172653941,0.5547884702682495,0.001840026001445949,0.5534895658493042,0.0
r_normal_mid,20260526,0.04661900897803576,0.6061704158782959,0.001870839623734355,0.5998732447624207,0.0
r_normal_mid,20260526,0.0513272772493256,0.6059616208076477,0.002497131936252117,0.5976148843765259,0.0
r_normal_mid,20260526,0.05651105520218928,0.6076264977455139,0.0033798336517065763,0.598818302154541,0.00390625
r_normal_mid,20260526,0.062218366747806474,0.659720242023468,0.004213773179799318,0.6525565981864929,0.0
r_normal_mid,20260526,0.0685020859531673,0.49967285990715027,0.0039008704479783773,0.4965219795703888,0.0
r_normal_mid,20260526,0.07542042688062935,0.49418970942497253,0.005020890384912491,0.4995838403701782,0.0
r_normal_mid,20260526,0.0830374828986263,0.42515671253204346,0.006410274654626846,0.41892480850219727,0.0
r_normal_mid,20260526,0.09142382045984675,0.38383907079696655,0.008372052572667599,0.3788478374481201,0.0
r_normal_mid,20260526,0.10065713284780411,0.3954862356185913,0.010737309232354164,0.394283264875412,0.0
r_normal_mid,20260526,0.11082295994828163,0.3630356788635254,0.011386418715119362,0.3428003191947937,0.0
r_normal_mid,20260526,0.12201548071380787,0.371526837348938,0.01566263847053051,0.3501329720020294,0.0
r_normal_mid,20260526,0.13433838566276676,0.3600247800350189,0.016114890575408936,0.33730053901672363,0.0
r_normal_mid,20260526,0.14790583749620875,0.3569917678833008,0.019808245822787285,0.3204527199268341,0.0
r_normal_mid,20260526,0.16284352873177418,0.30509716272354126,0.02465759962797165,0.2998073697090149,0.0
r_normal_mid,20260526,0.1792898461529342,0.31093811988830566,0.02992146648466587,0.28705936670303345,0.0
r_normal_mid,20260526,0.19739715286132026,0.32814347743988037,0.028127340599894524,0.28468844294548035,0.0
r_normal_mid,20260526,0.21733319980941776,0.334639310836792,0.03498836234211922,0.289371132850647,0.0
r_normal_mid,20260526,0.23928267989044386,0.3250013291835785,0.05213448405265808,0.2781146466732025,0.0
r_normal_mid,20260526,0.2634489389829135,0.2795187532901764,0.0490620881319046,0.26131340861320496,0.0
r_normal_mid,20260526,0.290055859801471,0.2886824607849121,0.05397621542215347,0.24971546232700348,0.0
r_normal_mid,20260526,0.3193499360064882,0.318042129278183,0.07278387248516083,0.23378020524978638,0.0
r_normal_mid,20260526,0.35160255578753474,0.2991650104522705,0.07853004336357117,0.21663600206375122,0.0
r_normal_mid,20260526,0.3871125160764548,0.3197152614593506,0.08977431058883667,0.21603289246559143,0.0
r_normal_mid,20260526,0.4262087906823923,0.3067505359649658,0.09162603318691254,0.2043122947216034,0.0
r_normal_mid,20260526,0.46925357799351164,0.3059033155441284,0.1256086677312851,0.2164318710565567,0.0
r_normal_mid,20260526,0.5166456564801436,0.35916680097579956,0.13374684751033783,0.23292440176010132,0.0
r_normal_mid,20260526,0.5688240790856355,0.4101100564002991,0.14959704875946045,0.2697756886482239,0.00390625
r_normal_mid,20260526,0.6262722407307354,0.4544612467288971,0.15395422279834747,0.3003602623939514,0.00390625
r_normal_mid,20260526,0.6895223566139651,0.5410259366035461,0.20792068541049957,0.3260174095630646,0.01171875
r_normal_mid,20260526,0.7591603927961601,0.6302443742752075,0.2019246518611908,0.3512362539768219,0.0
r_normal_mid,20260526,0.8358314947474289,0.6363623142242432,0.3827401399612427,0.33270686864852905,0.03125
r_normal_mid,20260526,0.9202459641480578,0.6929470896720886,0.27816033363342285,0.3145853877067566,0.01171875
r_normal_mid,20260526,1.0131858393140483,0.7059963345527649,0.4032949209213257,0.3268797993659973,0.03125
r_normal_mid,20260526,1.1155121402101058,0.9207172393798828,0.6658603549003601,0.34070885181427,0.046875
r_normal_mid,20260526,1.2281728451698428,0.9629808664321899,0.6548469066619873,0.2939405143260956,0.04296875
r_normal_mid,20260526,1.3522116732216651,1.229926347732544,1.050274133682251,0.25691935420036316,0.0859375
r_normal_mid,20260526,1.4887777533821611,1.308831810951233,1.035513162612915,0.19022727012634277,0.078125
r_normal_mid,20260526,1.6391362704959387,1.5967600345611572,1.4395813941955566,0.15181641280651093,0.13671875
r_normal_mid,20260526,1.804680186247825,1.8332903385162354,1.7227742671966553,0.11240655183792114,0.140625
r_normal_mid,20260526,1.9869431439340202,1.9575190544128418,1.7884626388549805,0.13989225029945374,0.14453125
r_normal_mid,20260526,2.18761367654549,2.2349700927734375,2.0971899032592773,0.12934499979019165,0.1796875
r_normal_mid,20260526,2.4085508497910983,2.432727336883545,2.151017427444458,0.2601827383041382,0.21875
r_normal_mid,20260526,2.651801484981615,3.2166085243225098,2.6756443977355957,0.372298926115036,0.23046875
r_normal_mid,20260526,2.9196191213320715,4.108379364013672,3.43690824508667,0.5251830220222473,0.31640625
r_normal_mid,20260526,3.21448489335428,4.113214492797852,3.1875479221343994,0.8437639474868774,0.29296875
r_normal_mid,20260526,3.5391305167533327,4.266724586486816,3.066948890686035,1.2245826721191406,0.26953125
r_normal_mid,20260526,3.896563595775542,4.596381664276123,2.978511333465576,1.861640214920044,0.30078125
r_normal_mid,20260526,4.290095486461946,6.467628479003906,3.6328728199005127,2.3319623470306396,0.36328125
r_normal_mid,20260526,4.723371973940028,6.757053852081299,3.35465669631958,3.312910556793213,0.328125
r_normal_mid,20260526,5.200407047956278,7.568133354187012,3.5185399055480957,3.865859031677246,0.37109375
r_normal_mid,20260526,5.72562008955526,7.647544860839844,3.6609935760498047,4.944007873535156,0.3359375
r_normal_mid,20260526,6.303876813412554,10.495418548583984,3.648256778717041,6.7883501052856445,0.38671875
r_normal_mid,20260526,6.940534345122285,12.971576690673828,4.336997985839844,7.417230129241943,0.4609375
r_normal_mid,20260526,7.6414908510474175,13.62899112701416,3.9199109077453613,9.652928352355957,0.37890625
r_normal_mid,20260526,8.413240180517057,15.679306030273438,4.018165588378906,12.489631652832031,0.37890625
r_normal_mid,20260526,9.262932026590663,21.854976654052734,4.251852989196777,17.621013641357422,0.40625
r_normal_mid,20260526,10.198438162734806,20.368709564208984,4.01623010635376,16.714353561401367,0.3984375
r_normal_mid,20260526,11.228425369046683,27.92584991455078,4.103599548339844,23.126935958862305,0.42578125
r_normal_mid,20260526,12.362435723632643,33.499176025390625,4.155542373657227,26.11907196044922,0.4921875
r_normal_mid,20260526,13.610975002982464,39.41690444946289,4.253422737121582,34.99531555175781,0.421875
r_normal_mid,20260526,14.985610010304342,44.147789001464844,4.095681190490723,39.09801483154297,0.46875
r_normal_mid,20260526,16.499075733496387,52.41948318481445,4.182314872741699,51.323875427246094,0.41015625
r_normal_mid,20260526,18.16539332549472,64.26560974121094,4.5231828689575195,60.34922790527344,0.46484375
r_normal_mid,20260526,19.999999999999996,82.98222351074219,4.218355655670166,78.13327026367188,0.4609375
r_normal_narrow,20260526,0.010000000000000005,0.5944238901138306,9.542484622215852e-05,0.5941320657730103,0.0
r_normal_narrow,20260526,0.01100994602298563,0.5762391090393066,0.00011811805597972125,0.5760777592658997,0.0
r_normal_narrow,20260526,0.012121891142905695,0.6439967751502991,0.0001605519064469263,0.6449081301689148,0.0
r_normal_narrow,20260526,0.013346136717989924,0.6145843863487244,0.00017270538955926895,0.6149481534957886,0.00390625
r_normal_narrow,20260526,0.01469402448804556,0.6711887717247009,0.00023407532717101276,0.6685720682144165,0.00390625
r_normal_narrow,20260526,0.01617804164738105,0.7441470623016357,0.0002449161256663501,0.7422322630882263,0.0
r_normal_narrow,20260526,0.01781193652952788,0.7722052931785583,0.0003437181585468352,0.7690482139587402,0.0
r_normal_narrow,20260526,0.019610845975494787,0.7515233159065247,0.00036461607669480145,0.7505422234535217,0.00390625
r_normal_narrow,20260526,0.02159143556552824,0.6865677833557129,0.0004382277256809175,0.68559330701828,0.0
r_normal_narrow,20260526,0.023772054013523794,0.559290885925293,0.0005291799898259342,0.5541822910308838,0.0
r_normal_narrow,20260526,0.02617290315443958,0.5420419573783875,0.0006737281801179051,0.5423646569252014,0.0
r_normal_narrow,20260526,0.028816225099520986,0.5093420743942261,0.0007529181893914938,0.5103379487991333,0.0
r_normal_narrow,20260526,0.03172650829319295,0.5336694717407227,0.001105802832171321,0.5312352776527405,0.0
r_normal_narrow,20260526,0.03493071438058602,0.5232075452804565,0.0011445549316704273,0.5226320624351501,0.0
r_normal_narrow,20260526,0.038458527987457976,0.5674577951431274,0.0014438219368457794,0.5711367130279541,0.00390625
r_normal_narrow,20260526,0.04234263172653941,0.6029195785522461,0.001840026001445949,0.601413369178772,0.0
r_normal_narrow,20260526,0.04661900897803576,0.592182993888855,0.001870839623734355,0.5866231322288513,0.0
r_normal_narrow,20260526,0.0513272772493256,0.5470476746559143,0.002497131936252117,0.5384349226951599,0.0
r_normal_narrow,20260526,0.05651105520218928,0.536199688911438,0.0033798336517065763,0.5278891324996948,0.0
r_normal_narrow,20260526,0.062218366747806474,0.6078913807868958,0.004213773179799318,0.6012688875198364,0.0
r_normal_narrow,20260526,0.0685020859531673,0.5176641941070557,0.0039008704479783773,0.5146748423576355,0.0
r_normal_narrow,20260526,0.07542042688062935,0.5765453577041626,0.005020890384912491,0.5827592015266418,0.0
r_normal_narrow,20260526,0.0830374828986263,0.529664158821106,0.006410274654626846,0.5236772298812866,0.0
r_normal_narrow,20260526,0.09142382045984675,0.4788700342178345,0.008372052572667599,0.47394615411758423,0.0
r_normal_narrow,20260526,0.10065713284780411,0.463412880897522,0.010737309232354164,0.4627724587917328,0.0
r_normal_narrow,20260526,0.11082295994828163,0.37970784306526184,0.011386418715119362,0.3590467870235443,0.0
r_normal_narrow,20260526,0.12201548071380787,0.3702472150325775,0.01566263847053051,0.34883201122283936,0.0
r_normal_narrow,20260526,0.13433838566276676,0.3566535711288452,0.016114890575408936,0.3344990611076355,0.0
r_normal_narrow,20260526,0.14790583749620875,0.3647703230381012,0.019808245822787285,0.32637664675712585,0.0
r_normal_narrow,20260526,0.16284352873177418,0.3380410373210907,0.02465759962797165,0.333327978849411,0.0
r_normal_narrow,20260526,0.1792898461529342,0.3672580122947693,0.02992146648466587,0.3445035219192505,0.0
r_normal_narrow,20260526,0.19739715286132026,0.37959998846054077,0.028127340599894524,0.3358226716518402,0.0
r_normal_narrow,20260526,0.21733319980941776,0.3742815852165222,0.03498836234211922,0.32844656705856323,0.0
r_normal_narrow,20260526,0.23928267989044386,0.334425151348114,0.05213448405265808,0.2881145179271698,0.0
r_normal_narrow,20260526,0.2634489389829135,0.2807222306728363,0.0490620881319046,0.26002004742622375,0.0
r_normal_narrow,20260526,0.290055859801471,0.28995025157928467,0.05397621542215347,0.250871866941452,0.0
r_normal_narrow,20260526,0.3193499360064882,0.3454556167125702,0.07278387248516083,0.2598167359828949,0.0
r_normal_narrow,20260526,0.35160255578753474,0.3518526256084442,0.07853004336357117,0.2686641812324524,0.0
r_normal_narrow,20260526,0.3871125160764548,0.3999812602996826,0.08977431058883667,0.29499274492263794,0.00390625
r_normal_narrow,20260526,0.4262087906823923,0.3816644549369812,0.09162603318691254,0.27823781967163086,0.0
r_normal_narrow,20260526,0.46925357799351164,0.34945985674858093,0.1256086677312851,0.2650817930698395,0.0
r_normal_narrow,20260526,0.5166456564801436,0.3764360249042511,0.13374684751033783,0.24571013450622559,0.0
r_normal_narrow,20260526,0.5688240790856355,0.39435383677482605,0.14959704875946045,0.25274115800857544,0.00390625
r_normal_narrow,20260526,0.6262722407307354,0.4271077811717987,0.15395422279834747,0.27112138271331787,0.00390625
r_normal_narrow,20260526,0.6895223566139651,0.5119501352310181,0.20792068541049957,0.301079124212265,0.01171875
r_normal_narrow,20260526,0.7591603927961601,0.615226149559021,0.2019246518611908,0.33437079191207886,0.00390625
r_normal_narrow,20260526,0.8358314947474289,0.6317764520645142,0.3827401399612427,0.3250718116760254,0.03515625
r_normal_narrow,20260526,0.9202459641480578,0.679356575012207,0.27816033363342285,0.30322879552841187,0.01171875
r_normal_narrow,20260526,1.0131858393140483,0.6896833777427673,0.4032949209213257,0.3085630536079407,0.02734375
r_normal_narrow,20260526,1.1155121402101058,0.8824461698532104,0.6658603549003601,0.30536189675331116,0.05078125
r_normal_narrow,20260526,1.2281728451698428,0.9076915979385376,0.6548469066619873,0.2566473186016083,0.04296875
r_normal_narrow,20260526,1.3522116732216651,1.2042738199234009,1.050274133682251,0.22702819108963013,0.08984375
r_normal_narrow,20260526,1.4887777533821611,1.3330281972885132,1.035513162612915,0.2052372545003891,0.0859375
r_normal_narrow,20260526,1.6391362704959387,1.6234393119812012,1.4395813941955566,0.1839095950126648,0.13671875
r_normal_narrow,20260526,1.804680186247825,1.8526225090026855,1.7227742671966553,0.1383979171514511,0.13671875
r_normal_narrow,20260526,1.9869431439340202,2.0223779678344727,1.7884626388549805,0.22921493649482727,0.1484375
r_normal_narrow,20260526,2.18761367654549,2.328429698944092,2.0971899032592773,0.226646289229393,0.17578125
r_normal_narrow,20260526,2.4085508497910983,2.6206960678100586,2.151017427444458,0.47064444422721863,0.203125
r_normal_narrow,20260526,2.651801484981615,3.5452520847320557,2.6756443977355957,0.659440279006958,0.22265625
r_normal_narrow,20260526,2.9196191213320715,4.578537464141846,3.43690824508667,0.8820818662643433,0.31640625
r_normal_narrow,20260526,3.21448489335428,4.62728214263916,3.1875479221343994,1.3665454387664795,0.2890625
r_normal_narrow,20260526,3.5391305167533327,4.854715347290039,3.066948890686035,1.8310760259628296,0.26953125
r_normal_narrow,20260526,3.896563595775542,5.406252861022949,2.978511333465576,2.7133688926696777,0.30078125
r_normal_narrow,20260526,4.290095486461946,7.328062057495117,3.6328728199005127,3.152818202972412,0.3671875
r_normal_narrow,20260526,4.723371973940028,8.277795791625977,3.35465669631958,4.786135196685791,0.328125
r_normal_narrow,20260526,5.200407047956278,9.216331481933594,3.5185399055480957,5.50748872756958,0.37109375
r_normal_narrow,20260526,5.72562008955526,9.403681755065918,3.6609935760498047,6.890078544616699,0.3359375
r_normal_narrow,20260526,6.303876813412554,13.444596290588379,3.648256778717041,9.708169937133789,0.3984375
r_normal_narrow,20260526,6.940534345122285,16.59597396850586,4.336997985839844,10.71497917175293,0.4609375
r_normal_narrow,20260526,7.6414908510474175,16.973695755004883,3.9199109077453613,13.094046592712402,0.37890625
r_normal_narrow,20260526,8.413240180517057,19.06523895263672,4.018165588378906,16.109901428222656,0.37890625
r_normal_narrow,20260526,9.262932026590663,26.94769287109375,4.251852989196777,22.713397979736328,0.40234375
r_normal_narrow,20260526,10.198438162734806,24.887117385864258,4.01623010635376,21.214258193969727,0.40234375
r_normal_narrow,20260526,11.228425369046683,35.89373016357422,4.103599548339844,30.98158073425293,0.42578125
r_normal_narrow,20260526,12.362435723632643,43.067283630371094,4.155542373657227,35.41693878173828,0.4921875
r_normal_narrow,20260526,13.610975002982464,51.878257751464844,4.253422737121582,47.4511604309082,0.421875
r_normal_narrow,20260526,14.985610010304342,58.67711639404297,4.095681190490723,53.440223693847656,0.46875
r_normal_narrow,20260526,16.499075733496387,69.59616088867188,4.182314872741699,68.96369934082031,0.41015625
r_normal_narrow,20260526,18.16539332549472,81.4600830078125,4.5231828689575195,77.63043212890625,0.46484375
r_normal_narrow,20260526,19.999999999999996,106.37652587890625,4.218355655670166,101.62583923339844,0.4609375
r_laplace_mid,20260526,0.010000000000000005,0.4627969264984131,9.542484622215852e-05,0.4625438451766968,0.0
r_laplace_mid,20260526,0.01100994602298563,0.44393613934516907,0.00011811805597972125,0.4438156485557556,0.0
r_laplace_mid,20260526,0.012121891142905695,0.49779456853866577,0.0001605519064469263,0.4985869526863098,0.0
r_laplace_mid,20260526,0.013346136717989924,0.44810691475868225,0.00017270538955926895,0.4483823776245117,0.0
r_laplace_mid,20260526,0.01469402448804556,0.489361435174942,0.00023407532717101276,0.48724812269210815,0.00390625
r_laplace_mid,20260526,0.01617804164738105,0.5300159454345703,0.0002449161256663501,0.5285694599151611,0.0
r_laplace_mid,20260526,0.01781193652952788,0.5412281155586243,0.0003437181585468352,0.5385758280754089,0.0
r_laplace_mid,20260526,0.019610845975494787,0.5334277749061584,0.00036461607669480145,0.5325688719749451,0.0
r_laplace_mid,20260526,0.02159143556552824,0.4829704761505127,0.0004382277256809175,0.4819400906562805,0.0
r_laplace_mid,20260526,0.023772054013523794,0.39483872056007385,0.0005291799898259342,0.39032411575317383,0.0
r_laplace_mid,20260526,0.02617290315443958,0.3817632794380188,0.0006737281801179051,0.3821284770965576,0.0
r_laplace_mid,20260526,0.028816225099520986,0.3410837650299072,0.0007529181893914938,0.34200915694236755,0.0
r_laplace_mid,20260526,0.03172650829319295,0.3496311902999878,0.001105802832171321,0.3475872278213501,0.0
r_laplace_mid,20260526,0.03493071438058602,0.32515355944633484,0.0011445549316704273,0.32428592443466187,0.0
r_laplace_mid,20260526,0.038458527987457976,0.36209431290626526,0.0014438219368457794,0.3648112714290619,0.0
r_laplace_mid,20260526,0.04234263172653941,0.41440650820732117,0.001840026001445949,0.41284406185150146,0.0
r_laplace_mid,20260526,0.04661900897803576,0.4098273515701294,0.001870839623734355,0.40500158071517944,0.0
r_laplace_mid,20260526,0.0513272772493256,0.3932493031024933,0.002497131936252117,0.38566938042640686,0.0
r_laplace_mid,20260526,0.05651105520218928,0.40278226137161255,0.0033798336517065763,0.39457768201828003,0.0
r_laplace_mid,20260526,0.062218366747806474,0.4701427221298218,0.004213773179799318,0.4631568491458893,0.0
r_laplace_mid,20260526,0.0685020859531673,0.407906711101532,0.0039008704479783773,0.4057942032814026,0.0
r_laplace_mid,20260526,0.07542042688062935,0.47194522619247437,0.005020890384912491,0.47687119245529175,0.0
r_laplace_mid,20260526,0.0830374828986263,0.45156943798065186,0.006410274654626846,0.44585198163986206,0.0
r_laplace_mid,20260526,0.09142382045984675,0.4372749328613281,0.008372052572667599,0.4320698082447052,0.0
r_laplace_mid,20260526,0.10065713284780411,0.4487661123275757,0.010737309232354164,0.4472426176071167,0.0
r_laplace_mid,20260526,0.11082295994828163,0.37507128715515137,0.011386418715119362,0.353596955537796,0.0
r_laplace_mid,20260526,0.12201548071380787,0.3787010908126831,0.01566263847053051,0.35661160945892334,0.0
r_laplace_mid,20260526,0.13433838566276676,0.3548564314842224,0.016114890575408936,0.3336848020553589,0.0
r_laplace_mid,20260526,0.14790583749620875,0.3352260887622833,0.019808245822787285,0.29559969902038574,0.0
r_laplace_mid,20260526,0.16284352873177418,0.3118101954460144,0.02465759962797165,0.3059907853603363,0.0
r_laplace_mid,20260526,0.1792898461529342,0.3522341847419739,0.02992146648466587,0.32806718349456787,0.0
r_laplace_mid,20260526,0.19739715286132026,0.3633457124233246,0.028127340599894524,0.3213350772857666,0.0
r_laplace_mid,20260526,0.21733319980941776,0.37752726674079895,0.03498836234211922,0.3339928984642029,0.0
r_laplace_mid,20260526,0.23928267989044386,0.3435876667499542,0.05213448405265808,0.2980445623397827,0.0
r_laplace_mid,20260526,0.2634489389829135,0.3013158440589905,0.0490620881319046,0.2779260277748108,0.0
r_laplace_mid,20260526,0.290055859801471,0.30179712176322937,0.05397621542215347,0.26175564527511597,0.0
r_laplace_mid,20260526,0.3193499360064882,0.36513349413871765,0.07278387248516083,0.27444079518318176,0.0
r_laplace_mid,20260526,0.35160255578753474,0.3517591953277588,0.07853004336357117,0.26833611726760864,0.0
r_laplace_mid,20260526,0.3871125160764548,0.3852013349533081,0.08977431058883667,0.2783434987068176,0.0
r_laplace_mid,20260526,0.4262087906823923,0.3781803846359253,0.09162603318691254,0.27812132239341736,0.0
r_laplace_mid,20260526,0.46925357799351164,0.3704362213611603,0.1256086677312851,0.2793710231781006,0.0078125
r_laplace_mid,20260526,0.5166456564801436,0.39729928970336914,0.13374684751033783,0.2805500030517578,0.0
r_laplace_mid,20260526,0.5688240790856355,0.44038957357406616,0.14959704875946045,0.3091866374015808,0.0
r_laplace_mid,20260526,0.6262722407307354,0.4654169976711273,0.15395422279834747,0.30882036685943604,0.00390625
r_laplace_mid,20260526,0.6895223566139651,0.5287371277809143,0.20792068541049957,0.3162015378475189,0.0078125
r_laplace_mid,20260526,0.7591603927961601,0.6307998299598694,0.2019246518611908,0.3524249196052551,0.00390625
r_laplace_mid,20260526,0.8358314947474289,0.6365165114402771,0.3827401399612427,0.3419836759567261,0.0234375
r_laplace_mid,20260526,0.9202459641480578,0.7145926356315613,0.27816033363342285,0.3325585424900055,0.01171875
r_laplace_mid,20260526,1.0131858393140483,0.7512845993041992,0.4032949209213257,0.3567314147949219,0.03515625
r_laplace_mid,20260526,1.1155121402101058,0.9308648109436035,0.6658603549003601,0.355755090713501,0.0625
r_laplace_mid,20260526,1.2281728451698428,0.9205936193466187,0.6548469066619873,0.2962927222251892,0.046875
r_laplace_mid,20260526,1.3522116732216651,1.232067346572876,1.050274133682251,0.25364673137664795,0.09765625
r_laplace_mid,20260526,1.4887777533821611,1.3422435522079468,1.035513162612915,0.1916484832763672,0.08203125
r_laplace_mid,20260526,1.6391362704959387,1.6159924268722534,1.4395813941955566,0.1540488600730896,0.12890625
r_laplace_mid,20260526,1.804680186247825,1.8090096712112427,1.7227742671966553,0.10173756629228592,0.13671875
r_laplace_mid,20260526,1.9869431439340202,1.888414978981018,1.7884626388549805,0.08008044958114624,0.1484375
r_laplace_mid,20260526,2.18761367654549,2.17915678024292,2.0971899032592773,0.05365009978413582,0.17578125
r_laplace_mid,20260526,2.4085508497910983,2.2112836837768555,2.151017427444458,0.08408284187316895,0.19921875
r_laplace_mid,20260526,2.651801484981615,2.8721139430999756,2.6756443977355957,0.11164747923612595,0.21484375
r_laplace_mid,20260526,2.9196191213320715,3.782806873321533,3.43690824508667,0.1745324283838272,0.3125
r_laplace_mid,20260526,3.21448489335428,3.5291152000427246,3.1875479221343994,0.3469555079936981,0.28515625
r_laplace_mid,20260526,3.5391305167533327,3.5294861793518066,3.066948890686035,0.5411661267280579,0.27734375
r_laplace_mid,20260526,3.896563595775542,3.768312931060791,2.978511333465576,0.8532878756523132,0.30078125
r_laplace_mid,20260526,4.290095486461946,4.96645975112915,3.6328728199005127,1.061841607093811,0.359375
r_laplace_mid,20260526,4.723371973940028,5.170624256134033,3.35465669631958,1.6427024602890015,0.328125
r_laplace_mid,20260526,5.200407047956278,5.524641990661621,3.5185399055480957,1.9026178121566772,0.3671875
r_laplace_mid,20260526,5.72562008955526,5.269659519195557,3.6609935760498047,2.223393201828003,0.3359375
r_laplace_mid,20260526,6.303876813412554,6.760913372039795,3.648256778717041,3.0697922706604004,0.39453125
r_laplace_mid,20260526,6.940534345122285,9.168059349060059,4.336997985839844,3.8217239379882812,0.4609375
r_laplace_mid,20260526,7.6414908510474175,8.146734237670898,3.9199109077453613,4.422433853149414,0.37890625
r_laplace_mid,20260526,8.413240180517057,8.476346969604492,4.018165588378906,5.16581916809082,0.37890625
r_laplace_mid,20260526,9.262932026590663,11.337413787841797,4.251852989196777,7.162928581237793,0.40234375
r_laplace_mid,20260526,10.198438162734806,10.54909896850586,4.01623010635376,6.651485443115234,0.40234375
r_laplace_mid,20260526,11.228425369046683,14.495235443115234,4.103599548339844,10.249905586242676,0.42578125
r_laplace_mid,20260526,12.362435723632643,17.55061912536621,4.155542373657227,11.827550888061523,0.4921875
r_laplace_mid,20260526,13.610975002982464,19.537513732910156,4.253422737121582,15.163898468017578,0.421875
r_laplace_mid,20260526,14.985610010304342,22.318830490112305,4.095681190490723,17.541208267211914,0.46484375
r_laplace_mid,20260526,16.499075733496387,25.36478614807129,4.182314872741699,23.108213424682617,0.41015625
r_laplace_mid,20260526,18.16539332549472,28.367494583129883,4.5231828689575195,24.0843505859375,0.46484375
r_laplace_mid,20260526,19.999999999999996,38.40153884887695,4.218355655670166,34.146629333496094,0.4609375
