t,lambda_t,R_t
0.00025,3.800451229771096,5.934022399605483
0.00075,3.2511450854370043,5.887080139102207
0.00125,2.9957322735540015,5.8554004376912
0.00175,2.827496155243392,5.830023446344912
0.00225,2.7018389411029373,5.808344210305939
0.00275,2.6015035933718607,5.7891707769951175
0.00325,2.5179765510402765,5.7718393125098215
0.00375,2.4464261292199394,5.755935151422519
0.00425,2.383844557742936,5.741178766702889
0.00475,2.3282317401878236,5.727371163993579
0.00525,2.278190010909332,5.714364737215225
0.00575,2.2327041218064685,5.702046424601495
0.00625,2.1910133173369424,5.690327359540447
0.00675,2.1525327967688783,5.6791361951495105
0.00725,2.1168033147778056,5.668414624458859
0.00775,2.0834576275284693,5.658114273346097
0.00825,2.052197449037802,5.648194484713096
0.00875,2.0227771990263355,5.638620700098236
0.00925,1.99499227344893,5.6293632529422375
0.00975,1.9686704067062188,5.620396452363218
0.01025,1.9436651964188882,5.611697876297764
0.01075,1.9198511719242608,5.603247818359315
0.01125,1.8971199848858822,5.595028849441883
0.01175,1.8753774289160126,5.587025466260467
0.01225,1.8545410807157285,5.579223806648652
0.01275,1.834538413408879,5.571611416745441
0.01325,1.8153052729949808,5.564177058964519
0.01375,1.7967846371548062,5.556910552343433
0.01425,1.7789255958537666,5.5498026388421735
0.01475,1.761682507818182,5.542844870617217
0.01525,1.745014297684386,5.536029514385767
0.01575,1.7288838665752753,5.529349469817643
0.01625,1.713257594823223,5.522798199520342
0.01675,1.6981049200755585,5.516369668666713
0.01725,1.683397977472412,5.510058292691014
0.01775,1.6691112912503838,5.503858891774011
0.01825,1.6552215091968459,5.497766651070774
0.01875,1.6417071730028863,5.491777085820161
0.01925,1.6285485188441995,5.485886010623475
0.01975,1.6157273035375308,5.480089512299459
0.02025,1.603226652434822,5.474383925819903
0.02075,1.5910309258727424,5.468765812909315
0.02125,1.5791256015258832,5.463231942957067
0.02175,1.5674971704437495,5.4577792759439285
0.02225,1.5561330449049715,5.452404947129335
0.02275,1.5450214765126162,5.447106253282512
0.02325,1.5341514831944134,5.441880640271573
0.02375,1.523512783970771,5.43672569185048
0.02425,1.51309574051935,5.431639119505649
0.02475,1.5028913047037464,5.426618753242416
0.02525,1.4928909713504115,5.421662533207248
0.02575,1.4830867356562234,5.4167685020549525
0.02625,1.4734710546922796,5.411934797981557
0.02675,1.4640368125400882,5.407159648353289
0.02725,1.4547772886564694,5.402441363870555
0.02775,1.4456861291148742,5.397778333213061
0.02825,1.436757320414871,5.393169018118497
0.02875,1.4279851655894162,5.388611948852681
0.02925,1.4193642623721632,5.3841057200338165
0.02975,1.4108894832152765,5.379648986777617
0.03025,1.4025559569726707,5.375240461133703
0.03075,1.3943590520848324,5.370878908786862
0.03125,1.3862943611198906,5.366563145999495
0.03175,1.3783576865417455,5.362292036774091
0.03225,1.3705450275902051,5.358064490216686
0.03275,1.3628525681704653,5.353879458084191
0.03325,1.3552766656601642,5.349735932500199
0.03375,1.3478138405518265,5.345632943825317
0.03425,1.3404607668569788,5.341569558669477
0.03475,1.3332142632056954,5.337544878034831
0.03525,1.3260712845819569,5.3335580355789105
0.03575,1.3190289146410874,5.329608195988662
0.03625,1.312084358560754,5.325694553456863
0.03675,1.3052349363816729,5.321816330253146
0.03725,1.2984780767983115,5.317972775382545
0.03775,1.291811311363579,5.314163163325135
0.03825,1.2852322690748235,5.310386792850832
0.03875,1.2787386713114177,5.306642985903975
0.03925,1.272328327096887,5.30293108655273
0.03975,1.2659991286609253,5.2992504599987775
0.04025,1.2597490472788095,5.295600491643117
0.04075,1.25357612936766,5.291980586204141
0.04125,1.2474784928207507,5.2883901668844935
0.04175,1.2414543235626636,5.284828674583401
0.04225,1.2355018723095044,5.28129556715153
0.04275,1.2296194515197112,5.277790318685584
0.04325,1.2238054325221517,5.274312418860081
0.04375,1.218058242809284,5.270861372293951
0.04425,1.2123763634841265,5.267436697949774
0.04475,1.2067583268506636,5.264037928563607
0.04525,1.201202714138128,5.260664610103544
0.04575,1.1957081533503306,5.257316301255246
0.04625,1.1902733172318787,5.253992572932823
0.04675,1.1848969213437477,5.250693007813579
0.04725,1.1795777222412198,5.247417199895157
0.04775,1.1743145157477262,5.244164754073874
0.04825,1.1691061353185983,5.2409352857429266
0.04875,1.1639514504891677,5.237728420409406
0.04925,1.1588493654020469,5.234543793329019
0.04975,1.1537988174087948,5.231381049157548
0.05025,1.1487987757415032,5.228239841618107
0.05075,1.1438482402501473,5.225119833183352
0.05125,1.1389462402018369,5.222020694771797
0.05175,1.1340918331383565,5.218942105457527
0.05225,1.1292841037886354,5.215883752192551
0.05275,1.1245221630330078,5.212845329541143
0.05325,1.1198051469163284,5.209826539425574
0.05375,1.1151322157072097,5.206827090882594
0.05425,1.1105025530008112,5.203846699830157
0.05475,1.1059153648627906,5.200885088843844
0.05525,1.1013698790121647,5.197941986942509
0.05575,1.0968653440409817,5.195017129382687
0.05625,1.0924010286688308,5.192110257461323
0.05675,1.0879762210303396,5.189221118326415
0.05725,1.0835902279939211,5.186349464795211
0.05775,1.0792423745101443,5.183495055179551
0.05825,1.0749320029881906,5.180657653118059
0.05875,1.0706584726989619,5.177837027414838
0.05925,1.0664211592034754,5.175032951884355
0.05975,1.062219453805286,5.17224520520226
0.06025,1.0580527630257135,5.169473570761819
0.06075,1.0539205081007672,5.166717836535758
0.06125,1.0498221244986774,5.163977794943222
0.06175,1.0457570614570528,5.161253242721658
0.06225,1.0417247815386872,5.158543980803373
0.06275,1.0377247602051494,5.155849814196582
0.06325,1.033756485407281,5.15317055187074
0.06375,1.0298194571918282,5.150506006645961
0.06425,1.025913187323431,5.147855995086373
0.06475,1.0220371989212724,5.145220337397208
0.06525,1.0181910261096943,5.142598857325498
0.06575,1.0143742136821592,5.139991382064206
0.06625,1.0105863167779299,5.137397742159648
0.06675,1.0068269005709165,5.134817771422086
0.06725,1.0030955399701214,5.132251306839339
0.06775,0.9993918193311909,5.129698188493303
0.06825,0.9957153321785611,5.127158259479255
0.06875,0.9920656809377557,5.124631365827833
0.06925,0.9884424766773717,5.122117356429586
0.06975,0.9848453388603585,5.119616082961975
0.07025,0.9812738951041681,5.117127399818756
0.07075,0.9777277809494225,5.114651164041628
0.07125,0.974206639636716,5.112187235254068
0.07175,0.9707101218912307,5.10973547559727
0.07225,0.9672378857148253,5.107295749668094
0.07275,0.963789596185295,5.104867924458975
0.07325,0.9603649252625076,5.102451869299681
0.07375,0.9569635516011313,5.100047455800889
0.07425,0.9535851603696915,5.097654557799473
0.07475,0.9502294430756981,5.095273051305478
0.07525,0.9468960973966034,5.092902814450682
0.07575,0.9435848270163567,5.0905437274387255
0.07625,0.9402953414673355,5.0881956724967035
0.07675,0.9370273559774427,5.085858533828226
0.07725,0.9337805913221685,5.083532197567836
0.07775,0.9305547736814243,5.081216551736774
0.07825,0.9273496345009646,5.078911486200036
0.07875,0.9241649103582248,5.07661689262467
0.07925,0.921000342832401,5.074332664439254
0.07975,0.9178556783786189,5.07205869679457
0.08025,0.9147306682060333,5.069794886525352
0.08075,0.911625068159713,5.067541132113145
0.08125,0.9085386386061725,5.0652973336501885
0.08175,0.9054711443224146,5.063063392804314
0.08225,0.9024223543883553,5.060839212784812
0.08275,0.8993920420825098,5.058624698309237
0.08325,0.8963799847808194,5.056419755571126
0.08375,0.893385963858508,5.054224292208594
0.08425,0.8904097645948603,5.0520382172737754
0.08475,0.8874511760808161,5.049861441203093
0.08525,0.8845099911292829,5.04769387578831
0.08575,0.8815860061880713,5.045535434148371
0.08625,0.8786790212553613,5.0433860307019645
0.08675,0.8757888397976116,5.041245581140823
0.08725,0.8729152686698276,5.039114002403716
0.08775,0.8700581180381083,5.03699121265111
0.08825,0.8672172013043928,5.034877131240496
0.08875,0.8643923350333333,5.032771678702343
0.08925,0.8615833388812216,5.0306747767166655
0.08975,0.8587900355269018,5.028586348090189
0.09025,0.8560122506046007,5.02650631673409
0.09075,0.8532498126386158,5.024434607642294
0.09125,0.8505025529797955,5.022371146870323
0.09175,0.847770305743756,5.020315861514653
0.09225,0.8450529077507776,5.018268679692603
0.09275,0.8423501984673236,5.016229530522694
0.09325,0.8396620199491334,5.014198344105513
0.09375,0.8369882167858358,5.012175051505021
0.09425,0.8343286360470358,5.010159584730325
0.09475,0.831683127229828,5.0081518767178865
0.09525,0.8290515422076907,5.006151861314153
0.09575,0.8264337351807182,5.004159473258608
0.09625,0.823829562627149,5.0021746481672125
0.09675,0.8212388832561502,5.000197322516254
0.09725,0.818661557961818,4.998227433626548
0.09775,0.8160974497783583,4.996264919648044
0.09825,0.8135464238364105,4.99430971954475
0.09875,0.8110083473204802,4.9923617730800345
0.09925,0.808483089427446,4.990421020802248
0.09975,0.8059705213261095,4.988487404030688
0.10025,0.8034705161177566,4.986560864841863
0.10075,0.8009829487976997,4.984641346056096
0.10125,0.7985076962177716,4.982728791224399
0.10175,0.7960446370497436,4.980823144615663
0.10225,0.7935936517496402,4.978924351204126
0.10275,0.7911546225229238,4.977032356657121
0.10325,0.7887274332905247,4.97514710732309
0.10375,0.786311969655692,4.973268550219865
0.10425,0.7839081188716404,4.971396633023214
0.10475,0.7815157698099723,4.969531304055612
0.10525,0.7791348129298504,4.967672512275282
0.10575,0.7767651402479021,4.965820207265466
0.10625,0.7744066453088327,4.963974339223905
0.10675,0.7720592231567288,4.962134858952574
0.10725,0.7697227703070326,4.960301717847621
0.10775,0.7673971847191672,4.958474867889506
0.10825,0.7650823657697962,4.956654261633386
0.10875,0.7627782142266991,4.954839852199651
0.10925,0.760484632223246,4.9530315932647
0.10975,0.7582015232334555,4.951229439051886
0.11025,0.7559287920476181,4.94943334432266
0.11075,0.7536663447484733,4.947643264367887
0.11125,0.751414088687921,4.945859154999344
0.11175,0.7491719324642567,4.9440809725414
0.11225,0.7469397858999139,4.9423086738228506
0.11275,0.7447175600197019,4.940542216168932
0.11325,0.7425051670295241,4.938781557393482
0.11375,0.7403025202955659,4.937026655791266
0.11425,0.7381095343239388,4.935277470130466
0.11475,0.7359261247407686,4.9335339596452945
0.11525,0.7337522082727168,4.931796084028773
0.11575,0.7315877027279241,4.930063803425654
0.11625,0.7294325269773629,4.9283370784254705
0.11675,0.7272866009365925,4.926615870055728
0.11725,0.7251498455479016,4.9249001397752314
0.11775,0.7230221827628323,4.923189849467533
0.11825,0.7209035355250748,4.9214849614345155
0.11875,0.7187938277537205,4.919785438390097
0.11925,0.7166929843268707,4.918091243454044
0.11975,0.7146009310655834,4.91640234014593
0.12025,0.7125175947181607,4.91471869237917
0.12075,0.7104429029447548,4.913040264455207
0.12125,0.7083767843022997,4.911367021057784
0.12175,0.7063191682297462,4.909698927247324
0.12225,0.7042699850336053,4.908035948455427
0.12275,0.7022291658737808,4.9063780504794625
0.12325,0.7001966427496963,4.904725199477257
0.12375,0.698172348486696,4.903077361961891
0.12425,0.696156216722727,4.9014345047965815
0.12475,0.6941481818952817,4.899796595189661
0.12525,0.6921481792286089,4.898163600689657
0.12575,0.6901561447211715,4.89653548918044
0.12625,0.6881720151333613,4.894912228876484
0.12675,0.6861957279754495,4.893293788318194
0.12725,0.6842272214957799,4.891680136367326
0.12775,0.6822664346691888,4.8900712422024855
0.12825,0.6803133071856565,4.88846707531471
0.12875,0.678367779439173,4.886867605503124
0.12925,0.6764297925168267,4.885272802870673
0.12975,0.6744992881880968,4.883682637819938
0.13025,0.6725762088943578,4.882097081049015
0.13075,0.6706604977385796,4.880516103547477
0.13125,0.6687520984752294,4.8789396765923865
0.13175,0.6668509555003599,4.877367771744404
0.13225,0.6649570138418915,4.87580036084394
0.13275,0.6630702191500716,4.874237416007392
0.13325,0.661190517688119,4.872678909623429
0.13375,0.6593178563230377,4.871124814349349
0.13425,0.6574521825166089,4.869575103107505
0.13475,0.6555934443165424,4.8680297490817726
0.13525,0.6537415903478004,4.866488725714093
0.13575,0.6518965698040733,4.864952006701072
0.13625,0.6500583324394192,4.863419565990631
0.13675,0.6482268285600504,4.861891377778713
0.13725,0.646402009016276,4.860367416506055
0.13775,0.6445838251945838,4.858847656854997
0.13825,0.6427722290098739,4.85733207374636
0.13875,0.6409671728978238,4.855820642336359
0.13925,0.6391686098073992,4.854313338013587
0.13975,0.6373764931934914,4.852810136396026
0.14025,0.635590777009693,4.851311013328124
0.14075,0.633811415701196,4.849815944877912
0.14125,0.6320383641978208,4.848324907334164
0.14175,0.6302715779071651,4.846837877203616
0.14225,0.6285110127078758,4.845354831208214
0.14275,0.6267566249430361,4.8438757462824125
0.14325,0.6250083714136715,4.8424005995705235
0.14375,0.623266209372366,4.840929368424093
0.14425,0.6215300965169914,4.839462030399333
0.14475,0.6197999909845436,4.837998563254587
0.14525,0.6180758513450856,4.836538944947828
0.14575,0.616357636595795,4.835083153634223
0.14625,0.6146453061551129,4.83363116766369
0.14675,0.612938819856993,4.832182965578542
0.14725,0.6112381379452478,4.8307385261111415
0.14775,0.6095432210679921,4.82929782818158
0.14825,0.6078540302721784,4.827860850895428
0.14875,0.6061705269982264,4.826427573541489
0.14925,0.6044926730747402,4.824997975589596
0.14975,0.6028204307133165,4.823572036688456
0.15025,0.6011537625034374,4.822149736663504
0.15075,0.5994926314074485,4.820731055514807
0.15125,0.5978370007556205,4.8193159734149935
0.15175,0.596186834241292,4.817904470707214
0.15225,0.5945420959160926,4.816496527903133
0.15275,0.5929027501852435,4.81509212568095
0.15325,0.5912687618029355,4.813691244883451
0.15375,0.5896400958677822,4.8122938665160895
0.15425,0.5880167178183473,4.810899971745094
0.15475,0.5863985934287431,4.8095095418956095
0.15525,0.5847856888043018,4.80812255844985
0.15575,0.5831779703773146,4.806739003045304
0.15625,0.5815754049028404,4.8053588574729424
0.15675,0.5799779594545809,4.803982103675464
0.15725,0.578385601420821,4.802608723745568
0.15775,0.5767982985004346,4.801238699924244
0.15825,0.5752160186989531,4.799872014599091
0.15875,0.5736387303246954,4.798508650302666
0.15925,0.5720664019849595,4.797148589710841
0.15975,0.5704990025822738,4.7957918156412065
0.16025,0.5689365013107062,4.7944383110514694
0.16075,0.5673788676522314,4.793088059037902
0.16125,0.5658260713731549,4.791741042833793
0.16175,0.5642780825205909,4.7903972458079265
0.16225,0.5627348714189961,4.78905665146309
0.16275,0.5611964086667566,4.787719243434589
0.16325,0.5596626651328256,4.786385005488793
0.16375,0.5581336119534152,4.785053921521703
0.16425,0.5566092205287358,4.783725975557524
0.16475,0.5550894625197875,4.782401151747283
0.16525,0.5535743098451981,4.781079434367437
0.16575,0.5520637346781099,4.779760807818524
0.16625,0.5505577094431141,4.778445256623817
0.16675,0.5490562068132293,4.777132765428011
0.16725,0.5475591997069269,4.775823318995904
0.16775,0.5460666612852002,4.774516902211131
0.16825,0.5445785649486773,4.773213500074881
0.16875,0.5430948843347763,4.771913097704653
0.16925,0.5416155933149036,4.770615680333014
0.16975,0.5401406659916931,4.769321233306395
0.17025,0.538670076696285,4.76802974208388
0.17075,0.5372037999856462,4.7667411922360206
0.17125,0.5357418106399285,4.765455569443672
0.17175,0.5342840836598665,4.764172859496837
0.17225,0.5328305942642119,4.762893048293525
0.17275,0.5313813178872063,4.761616121838637
0.17325,0.5299362301760895,4.760342066242846
0.17375,0.5284953069886452,4.759070867721513
0.17425,0.5270585243907792,4.757802512593603
0.17475,0.5256258586541361,4.75653698728062
0.17525,0.5241972862537461,4.7552742783055555
0.17575,0.5227727838657088,4.754014372291853
0.17625,0.5213523283649069,4.752757255962384
0.17675,0.5199358968227549,4.751502916138431
0.17725,0.5185234665049774,4.750251339738701
0.17775,0.5171150148694208,4.749002513778327
0.17825,0.5157105195638931,4.747756425367908
0.17875,0.5143099584240375,4.74651306171254
0.17925,0.5129133094712309,4.745272410110877
0.17975,0.511520550910518,4.744034457954183
0.18025,0.5101316611285666,4.742799192725423
0.18075,0.5087466186916589,4.741566601998342
0.18125,0.5073654023437038,4.740336673436564
0.18175,0.5059879910042816,4.739109394792711
0.18225,0.5046143637667121,4.737884753907514
0.18275,0.503244499896152,4.736662738708957
0.18325,0.5018783788277154,4.735443337211411
0.18375,0.500515980164623,4.734226537514795
0.18425,0.4991572836763728,4.73301232780374
0.18475,0.4978022692969404,4.731800696346767
0.18525,0.49645091712299766,4.730591631495461
0.18575,0.4951032074121617,4.729385121683684
0.18625,0.49375912058126137,4.728181155426768
0.18675,0.4924186372046326,4.726979721320734
0.18725,0.4910817380124314,4.7257808080415185
0.18775,0.4897484038889739,4.724584404344205
0.18825,0.4884186158710943,4.72339049906227
0.18875,0.4870923551465289,4.722199081106836
0.18925,0.4857696030523167,4.721010139465929
0.18975,0.48445034107322626,4.71982366320376
0.19025,0.4831345508401982,4.718639641459989
0.19075,0.48182221412881276,4.717458063449027
0.19125,0.48051331285777316,4.716278918459325
0.19175,0.47920782908741316,4.715102195852684
0.19225,0.4779057450182191,4.7139278850635655
0.19275,0.4766070429893765,4.712755975598414
0.19325,0.4753117054773301,4.711586457034984
0.19375,0.47401971509436774,4.7104193190216845
0.19425,0.47273105458721737,4.709254551276915
0.19475,0.4714457068356671,4.70809214358843
0.19525,0.4701636548511981,4.706932085812688
0.19575,0.4688848817756397,4.705774367874227
0.19625,0.4676093708798369,4.704618979765038
0.19675,0.4663371055623396,4.703465911543949
0.19725,0.46506806934810396,4.702315153336016
0.19775,0.4638022458872143,4.701166695331911
0.19825,0.4625396189536171,4.700020527787342
0.19875,0.46128017244387526,4.698876641022449
0.19925,0.46002389037593355,4.697735025421231
0.19975,0.45877075688790386,4.696595671430966
0.20025,0.45752075623686145,4.6954585695616435
0.20075,0.4562738727976604,4.694323710385404
0.20125,0.4550300910617594,4.693191084535976
0.20175,0.4537893956360668,4.692060682708135
0.20225,0.45255177124179524,4.6909324956571545
0.20275,0.45131720271333475,4.68980651419827
0.20325,0.4500856749971359,4.688682729206145
0.20375,0.44885717315060986,4.6875611316143555
0.20425,0.4476316823410398,4.6864417124148545
0.20475,0.4464091878445065,4.685324462657471
0.20525,0.4451896750448271,4.6842093734493995
0.20575,0.44397312943250633,4.683096435954693
0.20625,0.4427595366037007,4.681985641393775
0.20675,0.44154888225919553,4.680876981042936
0.20725,0.4403411522033937,4.679770446233861
0.20775,0.4391363323433171,4.678666028353138
0.20825,0.43793440868761985,4.6775637188417925
0.20875,0.43673536734561347,4.67646350919481
0.20925,0.4355391945263035,4.675365390960675
0.20975,0.4343458765374381,4.67426935574091
0.21025,0.4331553997845672,4.673175395189623
0.21075,0.43196775077011346,4.672083501013055
0.21125,0.4307829160924543,4.670993664969138
0.21175,0.429600882445014,4.669905878867052
0.21225,0.42842163661536753,4.668820134566793
0.21275,0.42724516548435415,4.667736423978738
0.21325,0.42607145602520163,4.666654739063226
0.21375,0.4249004953026611,4.66557507183013
0.21425,0.4237322704721513,4.664497414338444
0.21475,0.4225667687789135,4.663421758695868
0.21525,0.4214039775571758,4.662348097058405
0.21575,0.42024388422932724,4.661276421629949
0.21625,0.41908647630510154,4.660206724661891
0.21675,0.41793174138077027,4.659138998452729
0.21725,0.4167796671383452,4.6580732353476675
0.21775,0.41563024134478976,4.657009427738235
0.21825,0.4144834518512401,4.655947568061899
0.21875,0.41333928659223396,4.654887648801692
0.21925,0.41219773358494965,4.653829662485836
0.21975,0.41105878092845266,4.652773601687362
0.22025,0.40992241680295144,4.6517194590237585
0.22075,0.4087886294690612,4.650667227156596
0.22125,0.40765740726707644,4.649616898791171
0.22175,0.40652873861625144,4.648568466676157
0.22225,0.4054026120140889,4.64752192360324
0.22275,0.40427901603563654,4.646477262406781
0.22325,0.40315793933279165,4.645434475963464
0.22375,0.4020393706336135,4.644393557191962
0.22425,0.4009232987416431,4.643354499052589
0.22475,0.399809712535231,4.642317294546976
0.22525,0.3986986009668722,4.641281936717737
0.22575,0.39758995306254846,4.640248418648134
0.22625,0.3964837579210781,4.639216733461764
0.22675,0.39538000471347284,4.63818687432223
0.22725,0.39427868268230176,4.63715883443283
0.22775,0.393179781141062,4.636132607036234
0.22825,0.3920832894735569,4.635108185414179
0.22875,0.3909891971332805,4.634085562887161
0.22925,0.38989749364280873,4.633064732814124
0.22975,0.3888081685931976,4.632045688592165
0.23025,0.38772121164338774,4.631028423656234
0.23075,0.38663661251961506,4.630012931478828
0.23125,0.38555436101482854,4.628999205569712
0.23175,0.38447444698811356,4.62798723947562
0.23225,0.3833968603641219,4.62697702677997
0.23275,0.38232159113250763,4.625968561102579
0.23325,0.38124862934736925,4.6249618360993825
0.23375,0.38017796512669766,4.623956845462153
0.23425,0.37910958865183003,4.622953582918226
0.23475,0.3780434901669097,4.621952042230227
0.23525,0.3769796599783515,4.620952217195797
0.23575,0.3759180884543124,4.619954101647328
0.23625,0.3748587660241699,4.6189576894516975
0.23675,0.373801683178002,4.617962974509998
0.23725,0.3727468304660773,4.616969950757292
0.23775,0.371694198498346,4.615978612162335
0.23825,0.3706437779439402,4.614988952727335
0.23875,0.369595559530676,4.614000966487692
0.23925,0.36854953404456414,4.6130146475117515
0.23975,0.367505692329322,4.612029989900551
0.24025,0.366464025285895,4.611046987787576
0.24075,0.3654245238719784,4.610065635338524
0.24125,0.3643871791015483,4.609085926751052
0.24175,0.36335198204439395,4.608107856254541
0.24225,0.3623189238256581,4.607131418109867
0.24275,0.36128799562537867,4.606156606609157
0.24325,0.36025918867803874,4.60518341607556
0.24375,0.35923249427211756,4.604211840863019
0.24425,0.3582079037496499,4.603241875356042
0.24475,0.35718540850578595,4.6022735139694735
0.24525,0.3561649999883597,4.601306751148276
0.24575,0.35514666969745784,4.600341581367305
0.24625,0.35413040918499683,4.599377999131091
0.24675,0.35311621005430033,4.59841599897362
0.24725,0.3521040639596852,4.597455575458124
0.24775,0.35109396260604714,4.596496723176858
0.24825,0.35008589774845494,4.595539436750897
0.24875,0.3490798611917447,4.594583710829926
0.24925,0.34807584479012205,4.593629540092027
0.24975,0.34707384044676437,4.592676919243477
0.25025,0.34607384011343095,4.591725843018542
0.25075,0.34507583579007345,4.590776306179285
0.25125,0.34407981952445316,4.589828303515349
0.25175,0.3430857834117601,4.588881829843773
0.25225,0.34209371959423673,4.587936880008789
0.25275,0.34110362026080554,4.586993448881631
0.25325,0.3401154776466995,4.58605153136034
0.25375,0.3391292840330974,4.58511112236957
0.25425,0.33814503174676125,4.584172216860405
0.25475,0.33716271315967883,4.583234809810167
0.25525,0.33618232068870846,4.582298896222234
0.25575,0.33520384679522797,4.581364471125851
0.25625,0.33422728398478696,4.580431529575949
0.25675,0.3332526248067621,4.579500066652966
0.25725,0.3322798618540164,4.578570077462666
0.25775,0.33130898776256124,4.577641557135962
0.25825,0.3303399952112219,4.576714500828737
0.25875,0.3293728769213065,4.5757889037216755
0.25925,0.32840762565627757,4.574864761020084
0.25975,0.32744423422142754,4.573942067953723
0.26025,0.3264826954635568,4.573020819776639
0.26075,0.325523002270655,4.572101011766986
0.26125,0.3245651475715855,4.5711826392268735
0.26175,0.32360912433577277,4.570265697482188
0.26225,0.3226549255728926,4.569350181882436
0.26275,0.3217025443325657,4.568436087800581
0.26325,0.32075197370405345,4.567523410632879
0.26375,0.31980320681595775,4.566612145798719
0.26425,0.3188562368359224,4.565702288740468
0.26475,0.317911056970338,4.564793834923311
0.26525,0.3169676604640496,4.563886779835095
0.26575,0.3160260406000672,4.562981118986179
0.26625,0.31508619069927846,4.562076847909274
0.26675,0.31414810412016453,4.561173962159296
0.26725,0.3132117742585186,4.560272457313218
0.26775,0.3122771945471668,4.559372328969911
0.26825,0.31134435845569197,4.558473572750009
0.26875,0.31041325949015963,4.557576184295753
0.26925,0.3094838911928469,4.556680159270849
0.26975,0.3085562471419739,4.555785493360325
0.27025,0.30763032095143705,4.554892182270385
0.27075,0.3067061062705459,4.55400022172827
0.27125,0.3057835967837612,4.553109607482117
0.27175,0.3048627862104365,4.55222033530082
0.27225,0.303943668304561,4.551332400973893
0.27275,0.3030262368545058,4.5504458003113255
0.27325,0.30211048568277193,4.54956052914346
0.27375,0.3011964086457406,4.548676583320846
0.27425,0.30028399963342606,4.547793958714115
0.27475,0.29937325256923053,4.546912651213838
0.27525,0.2984641614097012,4.546032656730404
0.27575,0.29755672014428997,4.545153971193886
0.27625,0.29665092279511457,4.544276590553912
0.27675,0.29574676341672274,4.543400510779535
0.27725,0.2948442360958577,4.542525727859109
0.27775,0.2939433349512262,4.541652237800164
0.27825,0.2930440541332688,4.5407800366292745
0.27875,0.2921463878239316,4.539909120391948
0.27925,0.2912503302364408,4.539039485152486
0.27975,0.2903558756150786,4.538171126993879
0.28025,0.28946301823496123,4.537304042017671
0.28075,0.2885717524018196,4.536438226343851
0.28125,0.2876820724517809,4.535573676110727
0.28175,0.28679397275115304,4.534710387474811
0.28225,0.2859074476962102,4.5338483566107035
0.28275,0.28502249171298094,4.532987579710973
0.28325,0.284139099257038,4.532128052986047
0.28375,0.28325726481328967,4.531269772664092
0.28425,0.2823769828957732,4.530412734990906
0.28475,0.2814982480474501,4.529556936229801
0.28525,0.2806210548400034,4.528702372661495
0.28575,0.27974539787363584,4.527849040584001
0.28625,0.27887127177687115,4.526996936312517
0.28675,0.27799867120635585,4.52614605617932
0.28725,0.27712759084666333,4.525296396533652
0.28775,0.27625802541009986,4.524447953741618
0.28825,0.27538996963651163,4.523600724186081
0.28875,0.27452341829309423,4.522754704266552
0.28925,0.27365836617420286,4.5219098903990895
0.28975,0.2727948081011653,4.5210662790161935
0.29025,0.2719327389220954,4.5202238665667105
0.29075,0.27107215351170894,4.5193826495157134
0.29125,0.2702130467711407,4.5185426243444216
0.29175,0.26935541362776316,4.517703787550087
0.29225,0.26849924903500694,4.516866135645903
0.29275,0.2676445479721825,4.516029665160894
0.29325,0.2667913054443034,4.515194372639832
0.29375,0.2659395164819115,4.514360254643128
0.29425,0.2650891761409028,4.513527307746742
0.29475,0.2642402795023557,4.512695528542085
0.29525,0.26339282167236,4.5118649136359235
0.29575,0.26254679778184775,4.511035459650286
0.29625,0.2617022029864254,4.510207163222372
0.29675,0.2608590324662071,4.5093800210044535
0.29725,0.2600172814256502,4.508554029663789
0.29775,0.2591769450933911,4.5077291858825275
0.29825,0.2583380187220831,4.506905486357622
0.29875,0.2575004975882356,4.506082927800737
0.29925,0.2566643769920546,4.50526150693816
0.29975,0.25582965225728405,4.504441220510711
0.30025,0.2549963187310494,4.503622065273659
0.30075,0.2541643717837017,4.502804037996634
0.30125,0.25333380680866346,4.501987135463532
0.30175,0.2525046192222754,4.501171354472444
0.30225,0.2516768044636448,4.500356691835558
0.30275,0.250850357994495,4.499543144379081
0.30325,0.2500252752990161,4.498730708943154
0.30375,0.24920155188371673,4.497919382381766
0.30425,0.24837918327727757,4.497109161562678
0.30475,0.2475581650304054,4.49630004336733
0.30525,0.24673849271568882,4.495492024690772
0.30575,0.24592016192745497,4.494685102441573
0.30625,0.24510316828162745,4.49387927354175
0.30675,0.24428750741558541,4.493074534926681
0.30725,0.24347317498802373,4.492270883545028
0.30775,0.24266016667881438,4.491468316358659
0.30825,0.24184847818886898,4.490666830342573
0.30875,0.24103810524000235,4.489866422484822
0.30925,0.24022904357479719,4.489067089786427
0.30975,0.2394212889564699,4.488268829261311
0.31025,0.23861483716873755,4.4874716379362205
0.31075,0.23780968401568559,4.486675512850648
0.31125,0.23700582532163714,4.485880451056764
0.31175,0.2362032569310229,4.485086449619337
0.31225,0.2354019747082523,4.4842935056156605
0.31275,0.23460197453758566,4.483501616135483
0.31325,0.23380325232300708,4.4827107782809374
0.31375,0.23300580398809909,4.481920989166463
0.31425,0.2322096254759175,4.481132245918739
0.31475,0.23141471274886763,4.480344545676617
0.31525,0.23062106178858144,4.479557885591041
0.31575,0.22982866859579568,4.478772262824987
0.31625,0.2290375291902309,4.4779876745533915
0.31675,0.2282476396104717,4.477204117963078
0.31725,0.22745899591384738,4.476421590252696
0.31775,0.2266715941763142,4.475640088632649
0.31825,0.22588543049233795,4.474859610325032
0.31875,0.22510050097477796,4.474080152563557
0.31925,0.22431680175477156,4.473301712593493
0.31975,0.22353432898161987,4.472524287671599
0.32025,0.2227530788226741,4.47174787506606
0.32075,0.221973047463223,4.470972472056418
0.32125,0.22119423110638112,4.470198075933513
0.32175,0.22041662597297787,4.469424683999415
0.32225,0.21964022830144753,4.468652293567364
0.32275,0.21886503434771995,4.4678809019617045
0.32325,0.21809104038511246,4.467110506517824
0.32375,0.21731824270422215,4.466341104582093
0.32425,0.21654663761281925,4.465572693511798
0.32475,0.21577622143574143,4.464805270675089
0.32525,0.21500699051478858,4.4640388334509105
0.32575,0.21423894120861864,4.463273379228942
0.32625,0.2134720698926443,4.462508905409545
0.32675,0.21270637295893022,4.461745409403701
0.32725,0.21194184681609124,4.4609828886329455
0.32775,0.21117848788919127,4.460221340529315
0.32825,0.21041629261964312,4.4594607625352936
0.32875,0.20965525746510874,4.458701152103746
0.32925,0.20889537889940069,4.457942506697866
0.32975,0.2081366534123839,4.457184823791118
0.33025,0.20737907750987855,4.456428100867178
0.33075,0.20662264771356337,4.455672335419884
0.33125,0.2058673605608799,4.4549175249531725
0.33175,0.20511321260493745,4.454163666981028
0.33225,0.20436020041441852,4.453410759027429
0.33275,0.20360832057348538,4.4526587986262856
0.33325,0.20285756968168686,4.451907783321397
0.33375,0.20210794435386625,4.451157710666386
0.33425,0.2013594412200696,4.450408578224656
0.33475,0.20061205692545495,4.449660383569328
0.33525,0.19986578813020192,4.448913124283196
0.33575,0.1991206315094224,4.448166797958671
0.33625,0.19837658375307146,4.447421402197727
0.33675,0.1976336415658592,4.446676934611854
0.33725,0.19689180166716325,4.4459333928220035
0.33775,0.19615106079094177,4.4451907744585375
0.33825,0.19541141568564716,4.44444907716118
0.33875,0.19467286311414056,4.443708298578965
0.33925,0.1939353998536066,4.442968436370188
0.33975,0.19319902269546932,4.442229488202352
0.34025,0.19246372844530815,4.441491451752124
0.34075,0.19172951392277487,4.440754324705285
0.34125,0.19099637596151112,4.440018104756678
0.34175,0.1902643114090664,4.439282789610163
0.34225,0.18953331712681673,4.438548376978569
0.34275,0.188803389989884,4.4378148645836415
0.34325,0.18807452688705564,4.437082250156002
0.34375,0.18734672472070535,4.436350531435099
0.34425,0.18661998040671376,4.435619706169158
0.34475,0.18589429087439027,4.434889772115137
0.34525,0.18516965306639513,4.4341607270386865
0.34575,0.18444606393866209,4.43343256871409
0.34625,0.18372352046032175,4.432705294924233
0.34675,0.1830020196136254,4.431978903460552
0.34725,0.18228155839386928,4.431253392122983
0.34775,0.1815621338093197,4.43052875871993
0.34825,0.18084374288113833,4.429805001068212
0.34875,0.18012638264330819,4.429082116993021
0.34925,0.17941005014256026,4.428360104327878
0.34975,0.17869474243830058,4.4276389609145905
0.35025,0.17798045660253767,4.426918684603211
0.35075,0.1772671897198107,4.426199273251989
0.35125,0.1765549388871181,4.425480724727335
0.35175,0.17584370121384665,4.424763036903774
0.35225,0.17513347382170105,4.4240462076639036
0.35275,0.17442425384463417,4.423330234898353
0.35325,0.17371603842877745,4.422615116505746
0.35375,0.17300882473237217,4.4219008503926505
0.35425,0.17230260992570096,4.4211874344735484
0.35475,0.17159739119101983,4.420474866670783
0.35525,0.17089316572249086,4.419763144914531
0.35575,0.170189930726115,4.419052267142756
0.35625,0.16948768341966572,4.418342231301163
0.35675,0.16878642103262295,4.417633035343176
0.35725,0.16808614080610745,4.416924677229879
0.35775,0.1673868399928157,4.41621715492999
0.35825,0.16668851585695524,4.415510466419816
0.35875,0.16599116567418043,4.414804609683217
0.35925,0.1652947867315287,4.414099582711569
0.35975,0.16459937632735724,4.413395383503722
0.36025,0.16390493177128013,4.412692010065965
0.36075,0.16321145038410573,4.41198946041199
0.36125,0.16251892949777488,4.411287732562846
0.36175,0.16182736645529922,4.410586824546917
0.36225,0.16113675861069998,4.409886734399872
0.36275,0.16044710332894724,4.40918746016463
0.36325,0.1597583979858997,4.4084889998913335
0.36375,0.15907063996824472,4.407791351637299
0.36425,0.15838382667343873,4.407094513466991
0.36475,0.15769795550964832,4.406398483451983
0.36525,0.1570130238956914,4.405703259670918
0.36575,0.156329029260979,4.40500884020948
0.36625,0.1556459690454573,4.404315223160358
0.36675,0.1549638406995503,4.403622406623207
0.36725,0.1542826416841025,4.402930388704614
0.36775,0.15360236947032238,4.402239167518067
0.36825,0.152923021539726,4.401548741183917
0.36875,0.15224459538408106,4.400859107829352
0.36925,0.15156708850535125,4.400170265588351
0.36975,0.15089049841564126,4.399482212601661
0.37025,0.15021482263714175,4.398794947016758
0.37075,0.1495400587020751,4.398108466987814
0.37125,0.14886620415264115,4.397422770675669
0.37175,0.1481932565409636,4.396737856247793
0.37225,0.14752121342903665,4.396053721878256
0.37275,0.14685007238867193,4.395370365747696
0.37325,0.14617983100144596,4.394687786043284
0.37375,0.14551048685864773,4.394005980958696
0.37425,0.14484203756122696,4.3933249486940795
0.37475,0.1441744807197423,4.3926446874560225
0.37525,0.14350781395431025,4.3919651954575185
0.37575,0.14284203489455397,4.391286470917942
0.37625,0.14217714117955316,4.390608512063015
0.37675,0.14151313045779348,4.3899313171247725
0.37725,0.14085000038711676,4.389254884341537
0.37775,0.14018774863467143,4.388579211957886
0.37825,0.13952637287686326,4.387904298224622
0.37875,0.13886587079930646,4.3872301413987405
0.37925,0.1382062400967751,4.386556739743406
0.37975,0.1375474784731548,4.385884091527915
0.38025,0.13688958364139478,4.385212195027674
0.38075,0.1362325533234603,4.384541048524162
0.38125,0.1355763852502852,4.383870650304908
0.38175,0.134921077161725,4.383200998663462
0.38225,0.13426662680651005,4.382532091899361
0.38275,0.13361303194219934,4.381863928318105
0.38325,0.13296029033513415,4.381196506231128
0.38375,0.13230839976039244,4.380529823955767
0.38425,0.13165735800174327,4.37986387981524
0.38475,0.1310071628516016,4.3791986721386085
0.38525,0.13035781211098332,4.378534199260761
0.38575,0.12970930358946078,4.377870459522375
0.38625,0.12906163510511828,4.377207451269901
0.38675,0.12841480448450815,4.376545172855521
0.38725,0.1277688095626069,4.375883622637136
0.38775,0.1271236481827718,4.375222798978328
0.38825,0.12647931819669767,4.37456270024834
0.38875,0.12583581746437394,4.373903324822049
0.38925,0.12519314385404204,4.373244671079931
0.38975,0.12455129524215294,4.372586737408049
0.39025,0.12391026951332516,4.3719295221980135
0.39075,0.1232700645603029,4.371273023846969
0.39125,0.1226306782839144,4.370617240757555
0.39175,0.12199210859303078,4.369962171337891
0.39225,0.1213543534045249,4.3693078140015436
0.39275,0.12071741064323062,4.36865416716751
0.39325,0.12008127824190229,4.368001229260183
0.39375,0.11944595414117448,4.367348998709333
0.39425,0.118811436289522,4.366697473950076
0.39475,0.11817772264322014,4.366046653422859
0.39525,0.11754481116630519,4.365396535573429
0.39575,0.11691269983053512,4.364747118852804
0.39625,0.1162813866153507,4.364098401717258
0.39675,0.11565086950783665,4.363450382628296
0.39725,0.1150211465026832,4.362803060052619
0.39775,0.11439221560214775,4.3621564324621165
0.39825,0.11376407481601693,4.361510498333827
0.39875,0.11313672216156871,4.360865256149924
0.39925,0.11251015566353498,4.360220704397691
0.39975,0.11188437335406408,4.359576841569497
0.40025,0.11125937327268384,4.358933666162774
0.40075,0.11063515346626471,4.35829117667999
0.40125,0.11001171198898306,4.357649371628635
0.40175,0.10938904690228489,4.357008249521188
0.40225,0.10876715627484958,4.356367808875102
0.40275,0.108146038182554,4.355728048212774
0.40325,0.10752569070843675,4.355088966061537
0.40375,0.10690611194266272,4.354450560953613
0.40425,0.10628729998248776,4.3538128314261195
0.40475,0.10566925293222362,4.353175776021026
0.40525,0.10505196890320313,4.352539393285142
0.40575,0.10443544601374558,4.351903681770093
0.40625,0.10381968238912224,4.351268640032297
0.40675,0.10320467616152228,4.350634266632946
0.40725,0.10259042547001862,4.350000560137983
0.40775,0.10197692846053424,4.349367519118081
0.40825,0.10136418328580862,4.348735142148624
0.40875,0.1007521881053643,4.34810342780968
0.40925,0.10014094108547372,4.347472374685984
0.40975,0.09953044039912634,4.346841981366922
0.41025,0.09892068422599573,4.346212246446502
0.41075,0.09831167075240714,4.345583168523335
0.41125,0.09770339817130504,4.344954746200618
0.41175,0.09709586468222102,4.344326978086114
0.41225,0.09648906849124173,4.343699862792126
0.41275,0.09588300781097717,4.343073398935483
0.41325,0.09527768086052908,4.342447585137518
0.41375,0.09467308586545954,4.341822420024045
0.41425,0.09406922105775972,4.341197902225345
0.41475,0.09346608467581892,4.3405740303761435
0.41525,0.09286367496439374,4.339950803115585
0.41575,0.09226199017457733,4.339328219087226
0.41625,0.09166102856376906,4.338706276939005
0.41675,0.09106078839564417,4.338084975323232
0.41725,0.09046126794012363,4.337464312896556
0.41775,0.08986246547334431,4.336844288319964
0.41825,0.08926437927762919,4.336224900258743
0.41875,0.08866700764145777,4.33560614738248
0.41925,0.08807034885943674,4.334988028365028
0.41975,0.08747440123227075,4.334370541884495
0.42025,0.08687916306673336,4.3337536866232265
0.42075,0.08628463267563816,4.333137461267778
0.42125,0.08569080837781011,4.332521864508912
0.42175,0.08509768849805702,4.331906895041564
0.42225,0.08450527136714113,4.331292551564833
0.42275,0.08391355532175102,4.330678832781967
0.42325,0.08332253870447351,4.33006573740033
0.42375,0.08273221986376585,4.329453264131405
0.42425,0.08214259715392801,4.328841411690758
0.42475,0.08155366893507515,4.328230178798029
0.42525,0.08096543357311028,4.32761956417692
0.42575,0.08037788943969702,4.327009566555161
0.42625,0.07979103491223258,4.326400184664509
0.42675,0.07920486837382085,4.325791417240723
0.42725,0.07861938821324571,4.325183263023548
0.42775,0.07803459282494442,4.324575720756697
0.42825,0.0774504806089812,4.323968789187838
0.42875,0.076867049971021,4.323362467068573
0.42925,0.07628429932230339,4.32275675315442
0.42975,0.07570222707961653,4.322151646204805
0.43025,0.07512083166527145,4.321547144983033
0.43075,0.07454011150707635,4.320943248256282
0.43125,0.0739600650383111,4.320339954795579
0.43175,0.07338069069770185,4.319737263375792
0.43225,0.0728019869293959,4.319135172775605
0.43275,0.07222395218293652,4.318533681777505
0.43325,0.07164658491323811,4.317932789167769
0.43375,0.07106988358056136,4.317332493736449
0.43425,0.07049384665048869,4.316732794277342
0.43475,0.06991847259389963,4.316133689587996
0.43525,0.06934375988694663,4.315535178469679
0.43575,0.06876970701103069,4.314937259727365
0.43625,0.06819631245277738,4.314339932169728
0.43675,0.06762357470401287,4.313743194609112
0.43725,0.06705149226174012,4.313147045861525
0.43775,0.06648006362811529,4.312551484746628
0.43825,0.06590928731042396,4.311956510087704
0.43875,0.06533916182105812,4.31136212071166
0.43925,0.06476968567749261,4.310768315449002
0.43975,0.06420085740226213,4.310175093133822
0.44025,0.06363267552293814,4.309582452603783
0.44075,0.06306513857210609,4.308990392700105
0.44125,0.062498245087342634,4.30839891226755
0.44175,0.06193199361119301,4.30780801015441
0.44225,0.061366382691148566,4.307217685212487
0.44275,0.060801410879624436,4.306627936297079
0.44325,0.06023707673393726,4.306038762266972
0.44375,0.059673378816283124,4.305450161984418
0.44425,0.05911031569371554,4.304862134315125
0.44475,0.058547885938123635,4.304274678128245
0.44525,0.05798608812621038,4.303687792296351
0.44575,0.057424920839471,4.303101475695432
0.44625,0.05686438266417148,4.302515727204875
0.44675,0.056304472191327185,4.30193054570745
0.44725,0.05574518801668162,4.301345930089301
0.44775,0.05518652874068531,4.3007618792399285
0.44825,0.05462849296847476,4.300178392052171
0.44875,0.054071079309851576,4.299595467422204
0.44925,0.05351428637926168,4.299013104249514
0.44975,0.05295811279577465,4.298431301436892
0.45025,0.05240255718306316,4.297850057890417
0.45075,0.05184761816938256,4.297269372519448
0.45125,0.05129329438755055,4.296689244236598
0.45175,0.05073958447492695,4.296109671957736
0.45225,0.05018648707339363,4.295530654601967
0.45275,0.04963400082933451,4.294952191091615
0.45325,0.049082124393615666,4.2943742803522165
0.45375,0.04853085642156562,4.293796921312506
0.45425,0.0479801955729556,4.2932201129043985
0.45475,0.047430140511980065,4.292643854062986
0.45525,0.04688068990723722,4.292068143726511
0.45575,0.04633184243170967,4.291492980836369
0.45625,0.04578359676274525,4.290918364337085
0.45675,0.04523595158203784,4.290344293176307
0.45725,0.04468890557560835,4.289770766304788
0.45775,0.04414245743378584,4.28919778267638
0.45825,0.043596605851188686,4.288625341248015
0.45875,0.04305134952670587,4.288053440979696
0.45925,0.042506687163478364,4.28748208083449
0.45975,0.04196261746888064,4.286911259778505
0.46025,0.04141913915450226,4.2863409767808855
0.46075,0.040876250936129545,4.285771230813797
0.46125,0.04033395153372741,4.285202020852417
0.46175,0.0397922396714212,4.284633345874921
0.46225,0.03925111407747876,4.284065204862471
0.46275,0.03871057348429243,4.283497596799201
0.46325,0.0381706166283613,4.282930520672212
0.46375,0.03763124225027343,4.282363975471555
0.46425,0.03709244909468829,4.281797960190218
0.46475,0.03655423591031918,4.2812324738241205
0.46525,0.03601660144991581,4.280667515372096
0.46575,0.035479544470246954,4.280103083835884
0.46625,0.034943063732083224,4.279539178220117
0.46675,0.03440715800017988,4.278975797532309
0.46725,0.033871826043259765,4.278412940782845
0.46775,0.033337066633996375,4.277850606984972
0.46825,0.032802878548996925,4.277288795154782
0.46875,0.03226926056878559,4.276727504311207
0.46925,0.03173621147778677,4.276166733476003
0.46975,0.031203730064308523,4.2756064816737425
0.47025,0.030671815120525987,4.2750467479318015
0.47075,0.030140465442464973,4.274487531280348
0.47125,0.029609679829985608,4.273928830752336
0.47175,0.02907945708676607,4.273370645383489
0.47225,0.0285497960202864,4.272812974212287
0.47275,0.02802069544181243,4.272255816279968
0.47325,0.02749215416637975,4.271699170630504
0.47375,0.026964171012777816,4.271143036310598
0.47425,0.026436744803534074,4.27058741236967
0.47475,0.025909874364898236,4.2700322978598475
0.47525,0.025383558526826593,4.2694776918359585
0.47575,0.02485779612296643,4.268923593355513
0.47625,0.024332585990640504,4.268370001478703
0.47675,0.02380792697083164,4.267816915268382
0.47725,0.023283817908167366,4.2672643337900595
0.47775,0.022760257650904652,4.266712256111896
0.47825,0.022237245050914733,4.266160681304683
0.47875,0.02171477896366799,4.265609608441838
0.47925,0.021192858248218923,4.265059036599398
0.47975,0.020671481767191215,4.264508964855999
0.48025,0.020150648386762844,4.263959392292876
0.48075,0.019630356976651303,4.263410317993855
0.48125,0.01911060641009887,4.2628617410453264
0.48175,0.018591395563857974,4.262313660536256
0.48225,0.01807272331817663,4.261766075558161
0.48275,0.017554588556783948,4.261218985205107
0.48325,0.01703699016687572,4.260672388573698
0.48375,0.016519927039100078,4.260126284763061
0.48425,0.016003398067543226,4.259580672874845
0.48475,0.015487402149715264,4.259035552013203
0.48525,0.014971938186536037,4.25849092128479
0.48575,0.014457005082321122,4.25794677979875
0.48625,0.013942601744767831,4.257403126666703
0.48675,0.013428727084941321,4.256859961002745
0.48725,0.012915380017260758,4.2563172819234305
0.48775,0.012402559459485558,4.2557750885477645
0.48825,0.011890264332701695,4.255233379997195
0.48875,0.01137849356130809,4.254692155395607
0.48925,0.010867246073003047,4.254151413869307
0.48975,0.010356520798770785,4.253611154547016
0.49025,0.009846316672868023,4.253071376559864
0.49075,0.009336632632810628,4.252532079041374
0.49125,0.008827467619360355,4.251993261127462
0.49175,0.008318820576511624,4.251454921956421
0.49225,0.00781069045147839,4.250917060668917
0.49275,0.007303076194681057,4.250379676407972
0.49325,0.006795976759733486,4.249842768318968
0.49375,0.006289391103430036,4.249306335549623
0.49425,0.005783318185732703,4.248770377249999
0.49475,0.005277756969758293,4.24823489257248
0.49525,0.0047727064217656925,4.247699880671768
0.49575,0.004268165511143168,4.247165340704876
0.49625,0.0037641332103957622,4.246631271831116
0.49675,0.0032606084951327316,4.246097673212097
0.49725,0.0027575903440550556,4.2455645440117085
0.49775,0.0022550777389430095,4.245031883396113
0.49825,0.001753069664643795,4.244499690533747
0.49875,0.0012515651090592385,4.243967964595302
0.49925,0.0007505630631335457,4.243436704753717
0.49975,0.00025006252084112143,4.242905910184179
0.50025,-0.00025006252084112143,4.242375447473285
0.50075,-0.0007505630631336013,4.2418445201054835
0.50125,-0.0012515651090592385,4.241312994284767
0.50175,-0.0017530696646438507,4.240780868785715
0.50225,-0.0022550777389430095,4.240248142379222
0.50275,-0.0027575903440551115,4.23971481383249
0.50325,-0.0032606084951327316,4.2391808819090055
0.50375,-0.003764133210395818,4.238646345368534
0.50425,-0.004268165511143168,4.2381112029671
0.50475,-0.004772706421765748,4.23757545345697
0.50525,-0.005277756969758293,4.2370390955866455
0.50575,-0.005783318185732759,4.236502128100835
0.50625,-0.006289391103430036,4.235964549740452
0.50675,-0.006795976759733542,4.235426359242595
0.50725,-0.007303076194681057,4.234887555340527
0.50775,-0.007810690451478446,4.234348136763667
0.50825,-0.008318820576511624,4.233808102237573
0.50875,-0.008827467619360412,4.233267450483922
0.50925,-0.009336632632810628,4.232726180220503
0.50975,-0.009846316672868078,4.232184290161192
0.51025,-0.010356520798770785,4.231641779015942
0.51075,-0.010867246073003104,4.231098645490764
0.51125,-0.01137849356130809,4.230554888287715
0.51175,-0.011890264332701753,4.230010506104878
0.51225,-0.012402559459485558,4.2294654976363475
0.51275,-0.012915380017260815,4.228919861572213
0.51325,-0.013428727084941321,4.228373596598544
0.51375,-0.013942601744767889,4.227826701397372
0.51425,-0.014457005082321122,4.227279174646674
0.51475,-0.014971938186536094,4.226731015020357
0.51525,-0.015487402149715264,4.226182221188243
0.51575,-0.016003398067543285,4.2256327918160475
0.51625,-0.016519927039100078,4.225082725565367
0.51675,-0.017036990166875775,4.224532021093662
0.51725,-0.017554588556783948,4.223980677054235
0.51775,-0.018072723318176685,4.2234286920962205
0.51825,-0.018591395563857974,4.222876064864564
0.51875,-0.01911060641009893,4.2223227940000045
0.51925,-0.019630356976651303,4.22176887813906
0.51975,-0.020150648386762903,4.221214315914006
0.52025,-0.020671481767191215,4.220659105952862
0.52075,-0.021192858248218982,4.220103246879372
0.52125,-0.02171477896366799,4.219546737312986
0.52175,-0.022237245050914792,4.218989575868844
0.52225,-0.022760257650904652,4.218431761157756
0.52275,-0.023283817908167425,4.217873291786191
0.52325,-0.02380792697083164,4.217314166356246
0.52375,-0.024332585990640563,4.2167543834656405
0.52425,-0.02485779612296643,4.216193941707692
0.52475,-0.025383558526826652,4.215632839671298
0.52525,-0.025909874364898236,4.21507107594092
0.52575,-0.026436744803534133,4.214508649096562
0.52625,-0.026964171012777816,4.213945557713755
0.52675,-0.02749215416637981,4.2133818003635355
0.52725,-0.02802069544181243,4.212817375612428
0.52775,-0.02854979602028646,4.212252282022428
0.52825,-0.02907945708676607,4.211686518150978
0.52875,-0.029609679829985667,4.211120082550956
0.52925,-0.030140465442464973,4.210552973770646
0.52975,-0.030671815120526046,4.20998519035373
0.53025,-0.031203730064308523,4.209416730839259
0.53075,-0.03173621147778683,4.208847593761642
0.53125,-0.03226926056878559,4.208277777650618
0.53175,-0.03280287854899686,4.207707281031245
0.53225,-0.033337066633996375,4.207136102423869
0.53275,-0.0338718260432597,4.206564240344118
0.53325,-0.03440715800017988,4.20599169330287
0.53375,-0.03494306373208317,4.20541845980624
0.53425,-0.035479544470246954,4.204844538355557
0.53475,-0.036016601449915746,4.204269927447342
0.53525,-0.03655423591031918,4.203694625573293
0.53575,-0.03709244909468823,4.203118631220261
0.53625,-0.03763124225027343,4.202541942870226
0.53675,-0.038170616628361236,4.2019645590002845
0.53725,-0.03871057348429243,4.201386478082618
0.53775,-0.0392511140774787,4.2008076985844855
0.53825,-0.0397922396714212,4.2002282189681885
0.53875,-0.04033395153372735,4.199648037691059
0.53925,-0.040876250936129545,4.199067153205434
0.53975,-0.0414191391545022,4.198485563958639
0.54025,-0.04196261746888064,4.197903268392957
0.54075,-0.0425066871634783,4.197320264945617
0.54125,-0.04305134952670587,4.196736552048768
0.54175,-0.04359660585118862,4.196152128129455
0.54225,-0.04414245743378584,4.195566991609599
0.54275,-0.044688905575608284,4.194981140905979
0.54325,-0.04523595158203784,4.194394574430199
0.54375,-0.045783596762745196,4.193807290588678
0.54425,-0.04633184243170967,4.193219287782619
0.54475,-0.04688068990723716,4.192630564407991
0.54525,-0.047430140511980065,4.192041118855501
0.54575,-0.04798019557295554,4.19145094951058
0.54625,-0.04853085642156562,4.190860054753349
0.54675,-0.04908212439361561,4.190268432958606
0.54725,-0.04963400082933451,4.189676082495798
0.54775,-0.05018648707339357,4.189083001728995
0.54825,-0.05073958447492695,4.188489189016869
0.54875,-0.05129329438755049,4.187894642712676
0.54925,-0.05184761816938256,4.187299361164224
0.54975,-0.052402557183063095,4.186703342713851
0.55025,-0.05295811279577465,4.186106585698403
0.55075,-0.053514286379261616,4.185509088449212
0.55125,-0.054071079309851576,4.1849108492920655
0.55175,-0.0546284929684747,4.184311866547187
0.55225,-0.05518652874068531,4.183712138529208
0.55275,-0.05574518801668156,4.18311166354715
0.55325,-0.056304472191327185,4.182510439904389
0.55375,-0.05686438266417142,4.18190846589864
0.55425,-0.057424920839471,4.181305739821928
0.55475,-0.05798608812621032,4.180702259960563
0.55525,-0.058547885938123635,4.180098024595116
0.55575,-0.05911031569371548,4.179493032000391
0.55625,-0.059673378816283124,4.1788872804454
0.55675,-0.060237076733937196,4.17828076819334
0.55725,-0.060801410879624436,4.1776734935015645
0.55775,-0.061366382691148504,4.177065454621556
0.55825,-0.06193199361119301,4.176456649798904
0.55875,-0.06249824508734257,4.1758470772732785
0.55925,-0.06306513857210609,4.1752367352783955
0.55975,-0.06363267552293808,4.174625622042002
0.56025,-0.06420085740226213,4.174013735785839
0.56075,-0.06476968567749256,4.173401074725622
0.56125,-0.06533916182105812,4.172787637071009
0.56175,-0.0659092873104239,4.172173421025578
0.56225,-0.06648006362811529,4.171558424786792
0.56275,-0.06705149226174012,4.170942646545981
0.56325,-0.06762357470401294,4.170326084488307
0.56375,-0.06819631245277738,4.16970873679274
0.56425,-0.06876970701103076,4.169090601632026
0.56475,-0.06934375988694663,4.168471677172664
0.56525,-0.0699184725938997,4.167851961574873
0.56575,-0.07049384665048869,4.167231452992565
0.56625,-0.07106988358056143,4.166610149573322
0.56675,-0.07164658491323811,4.165988049458357
0.56725,-0.07222395218293659,4.165365150782488
0.56775,-0.0728019869293959,4.16474145167412
0.56825,-0.07338069069770192,4.164116950255195
0.56875,-0.0739600650383111,4.163491644641182
0.56925,-0.07454011150707641,4.162865532941035
0.56975,-0.07512083166527145,4.162238613257173
0.57025,-0.07570222707961659,4.161610883685439
0.57075,-0.07628429932230339,4.160982342315076
0.57125,-0.07686704997102108,4.1603529872286975
0.57175,-0.0774504806089812,4.159722816502256
0.57225,-0.07803459282494449,4.15909182820501
0.57275,-0.07861938821324571,4.158460020399496
0.57325,-0.07920486837382092,4.157827391141496
0.57375,-0.07979103491223258,4.157193938480006
0.57425,-0.08037788943969709,4.156559660457206
0.57475,-0.08096543357311028,4.1559245551084265
0.57525,-0.08155366893507522,4.155288620462118
0.57575,-0.08214259715392801,4.154651854539821
0.57625,-0.08273221986376592,4.154014255356128
0.57675,-0.08332253870447351,4.153375820918658
0.57725,-0.08391355532175108,4.152736549228019
0.57775,-0.08450527136714113,4.152096438277776
0.57825,-0.08509768849805709,4.151455486054422
0.57875,-0.08569080837781011,4.1508136905373405
0.57925,-0.08628463267563823,4.150171049698774
0.57975,-0.08687916306673336,4.149527561503792
0.58025,-0.08747440123227082,4.148883223910249
0.58075,-0.08807034885943674,4.148238034868767
0.58125,-0.08866700764145782,4.147591992322683
0.58175,-0.08926437927762919,4.14694509420803
0.58225,-0.08986246547334438,4.1462973384534925
0.58275,-0.09046126794012363,4.145648722980374
0.58325,-0.09106078839564423,4.144999245702565
0.58375,-0.09166102856376906,4.144348904526508
0.58425,-0.0922619901745774,4.143697697351158
0.58475,-0.09286367496439374,4.143045622067948
0.58525,-0.09346608467581899,4.142392676560759
0.58575,-0.09406922105775972,4.141738858705876
0.58625,-0.0946730858654596,4.141084166371959
0.58675,-0.09527768086052908,4.140428597419999
0.58725,-0.09588300781097724,4.139772149703289
0.58775,-0.09648906849124173,4.139114821067382
0.58825,-0.09709586468222108,4.138456609350057
0.58875,-0.09770339817130504,4.137797512381281
0.58925,-0.09831167075240721,4.13713752798317
0.58975,-0.09892068422599573,4.136476653969953
0.59025,-0.0995304403991264,4.135814888147931
0.59075,-0.10014094108547372,4.135152228315447
0.59125,-0.10075218810536436,4.134488672262838
0.59175,-0.10136418328580862,4.1338242177724
0.59225,-0.10197692846053431,4.133158862618352
0.59275,-0.10259042547001862,4.132492604566793
0.59325,-0.10320467616152235,4.131825441375665
0.59375,-0.10381968238912224,4.131157370794713
0.59425,-0.1044354460137455,4.130488390565444
0.59475,-0.10505196890320313,4.129818498421087
0.59525,-0.10566925293222355,4.129147692086556
0.59575,-0.10628729998248776,4.128475969278405
0.59625,-0.10690611194266265,4.127803327704793
0.59675,-0.10752569070843675,4.127129765065434
0.59725,-0.10814603818255393,4.126455279051565
0.59775,-0.10876715627484958,4.1257798673459
0.59825,-0.10938904690228482,4.125103527622588
0.59875,-0.11001171198898306,4.124426257547171
0.59925,-0.11063515346626464,4.123748054776546
0.59975,-0.11125937327268384,4.123068916958915
0.60025,-0.11188437335406401,4.122388841733749
0.60075,-0.11251015566353498,4.121707826731742
0.60125,-0.11313672216156864,4.121025869574767
0.60175,-0.11376407481601693,4.120342967875831
0.60225,-0.11439221560214768,4.1196591192390395
0.60275,-0.1150211465026832,4.11897432125954
0.60325,-0.11565086950783658,4.118288571523488
0.60375,-0.1162813866153507,4.1176018676079975
0.60425,-0.11691269983053505,4.116914207081094
0.60475,-0.11754481116630519,4.116225587501676
0.60525,-0.11817772264322007,4.115536006419462
0.60575,-0.118811436289522,4.1148454613749506
0.60625,-0.11944595414117441,4.114153949899371
0.60675,-0.12008127824190229,4.113461469514639
0.60725,-0.12071741064323055,4.112768017733306
0.60775,-0.1213543534045249,4.112073592058518
0.60825,-0.12199210859303071,4.1113781899839665
0.60875,-0.1226306782839144,4.110681808993834
0.60925,-0.12327006456030282,4.109984446562758
0.60975,-0.12391026951332516,4.109286100155774
0.61025,-0.12455129524215287,4.108586767228269
0.61075,-0.12519314385404204,4.107886445225938
0.61125,-0.12583581746437386,4.107185131584725
0.61175,-0.12647931819669767,4.106482823730783
0.61225,-0.12712364818277172,4.10577951908042
0.61275,-0.1277688095626069,4.105075215040048
0.61325,-0.12841480448450807,4.104369909006136
0.61375,-0.12906163510511828,4.103663598365157
0.61425,-0.1297093035894607,4.102956280493536
0.61475,-0.13035781211098332,4.102247952757602
0.61525,-0.13100716285160152,4.101538612513535
0.61575,-0.13165735800174327,4.100828257107312
0.61625,-0.13230839976039238,4.10011688387466
0.61675,-0.13296029033513415,4.099404490140996
0.61725,-0.13361303194219926,4.09869107322138
0.61775,-0.13426662680651005,4.097976630420458
0.61825,-0.1349210771617249,4.097261159032413
0.61875,-0.1355763852502852,4.096544656340905
0.61925,-0.13623255332346024,4.095827119619021
0.61975,-0.13688958364139478,4.09510854612922
0.62025,-0.1375474784731547,4.094388933123275
0.62075,-0.1382062400967751,4.093668277842221
0.62125,-0.13886587079930637,4.092946577516299
0.62175,-0.13952637287686326,4.092223829364896
0.62225,-0.14018774863467134,4.091500030596492
0.62275,-0.14085000038711676,4.090775178408605
0.62325,-0.1415131304577934,4.0900492699877296
0.62375,-0.14217714117955316,4.089322302509281
0.62425,-0.1428420348945539,4.088594273137534
0.62475,-0.14350781395431025,4.0878651790255764
0.62525,-0.1441744807197423,4.087135017315234
0.62575,-0.14484203756122704,4.086403785137019
0.62625,-0.14551048685864773,4.0856714796100775
0.62675,-0.14617983100144602,4.084938097842118
0.62725,-0.14685007238867193,4.084203636929354
0.62775,-0.14752121342903673,4.0834680939564505
0.62825,-0.1481932565409636,4.082731465996455
0.62875,-0.14886620415264123,4.081993750110738
0.62925,-0.1495400587020751,4.081254943348934
0.62975,-0.15021482263714184,4.080515042748875
0.63025,-0.15089049841564126,4.07977404533653
0.63075,-0.15156708850535133,4.079031948125944
0.63125,-0.15224459538408106,4.0782887481191725
0.63175,-0.1529230215397261,4.077544442306211
0.63225,-0.15360236947032238,4.076799027664945
0.63275,-0.15428264168410258,4.076052501161073
0.63325,-0.1549638406995503,4.075304859748045
0.63375,-0.15564596904545738,4.074556100366998
0.63425,-0.156329029260979,4.073806219946688
0.63475,-0.1570130238956915,4.073055215403426
0.63525,-0.15769795550964832,4.0723030836410095
0.63575,-0.1583838266734388,4.071549821550652
0.63625,-0.15907063996824472,4.07079542601092
0.63675,-0.15975839798589977,4.070039893887664
0.63725,-0.16044710332894724,4.069283222033946
0.63775,-0.16113675861070004,4.068525407289973
0.63825,-0.16182736645529922,4.067766446483025
0.63875,-0.16251892949777497,4.067006336427391
0.63925,-0.16321145038410573,4.066245073924287
0.63975,-0.16390493177128018,4.065482655761796
0.64025,-0.16459937632735724,4.064719078714794
0.64075,-0.16529478673152878,4.063954339544867
0.64125,-0.16599116567418043,4.063188435000255
0.64175,-0.16668851585695532,4.062421361815766
0.64225,-0.1673868399928157,4.06165311671271
0.64275,-0.16808614080610754,4.060883696398818
0.64325,-0.16878642103262295,4.060113097568174
0.64375,-0.1694876834196658,4.059341316901136
0.64425,-0.170189930726115,4.058568351064262
0.64475,-0.17089316572249091,4.057794196710229
0.64525,-0.17159739119101983,4.057018850477765
0.64575,-0.17230260992570104,4.056242308991564
0.64625,-0.17300882473237217,4.05546456886221
0.64675,-0.17371603842877753,4.054685626686102
0.64725,-0.17442425384463417,4.053905479045372
0.64775,-0.17513347382170114,4.053124122507802
0.64825,-0.17584370121384665,4.0523415536267535
0.64875,-0.17655493888711818,4.0515577689410796
0.64925,-0.1772671897198107,4.050772764975044
0.64975,-0.17798045660253775,4.049986538238241
0.65025,-0.17869474243830058,4.049199085225517
0.65075,-0.17941005014256034,4.048410402416878
0.65125,-0.18012638264330819,4.047620486277415
0.65175,-0.18084374288113841,4.046829333257218
0.65225,-0.1815621338093197,4.0460369397912865
0.65275,-0.18228155839386936,4.0452433022994505
0.65325,-0.1830020196136254,4.044448417186281
0.65375,-0.1837235204603218,4.043652280841005
0.65425,-0.18444606393866209,4.042854889637419
0.65475,-0.1851696530663952,4.042056239933798
0.65525,-0.18589429087439027,4.041256328072811
0.65575,-0.18661998040671385,4.0404551503814305
0.65625,-0.18734672472070535,4.039652703170845
0.65675,-0.1880745268870556,4.038848982736362
0.65725,-0.188803389989884,4.038043985357326
0.65775,-0.18953331712681665,4.037237707297022
0.65825,-0.1902643114090664,4.036430144802584
0.65875,-0.19099637596151106,4.035621294104901
0.65925,-0.19172951392277487,4.034811151418528
0.65975,-0.19246372844530807,4.033999712941587
0.66025,-0.19319902269546932,4.033186974855676
0.66075,-0.19393539985360653,4.032372933325767
0.66125,-0.19467286311414056,4.03155758450012
0.66175,-0.1954114156856471,4.030740924510174
0.66225,-0.19615106079094177,4.029922949470462
0.66275,-0.19689180166716316,4.029103655478503
0.66325,-0.1976336415658592,4.028283038614706
0.66375,-0.19837658375307138,4.027461094942272
0.66425,-0.1991206315094224,4.026637820507092
0.66475,-0.19986578813020184,4.025813211337646
0.66525,-0.20061205692545495,4.0249872634449
0.66575,-0.20135944122006952,4.024159972822204
0.66625,-0.20210794435386625,4.02333133544519
0.66675,-0.20285756968168678,4.022501347271666
0.66725,-0.20360832057348538,4.021670004241511
0.66775,-0.20436020041441844,4.020837302276572
0.66825,-0.20511321260493745,4.020003237280552
0.66875,-0.20586736056087981,4.019167805138907
0.66925,-0.20662264771356337,4.018331001718739
0.66975,-0.20737907750987847,4.017492822868681
0.67025,-0.2081366534123839,4.0166532644187924
0.67075,-0.2088953788994006,4.015812322180452
0.67125,-0.20965525746510874,4.0149699919462325
0.67175,-0.21041629261964304,4.014126269489805
0.67225,-0.21117848788919127,4.013281150565816
0.67275,-0.21194184681609116,4.012434630909776
0.67325,-0.21270637295893022,4.011586706237945
0.67375,-0.21347206989264422,4.010737372247215
0.67425,-0.21423894120861864,4.009886624614998
0.67475,-0.21500699051478847,4.009034458999105
0.67525,-0.21577622143574143,4.008180871037626
0.67575,-0.21654663761281917,4.007325856348817
0.67625,-0.21731824270422215,4.006469410530975
0.67675,-0.21809104038511237,4.005611529162317
0.67725,-0.21886503434771995,4.004752207800861
0.67775,-0.21964022830144744,4.003891441984303
0.67825,-0.22041662597297787,4.003029227229891
0.67875,-0.22119423110638103,4.002165559034299
0.67925,-0.221973047463223,4.001300432873508
0.67975,-0.222753078822674,4.000433844202673
0.68025,-0.22353432898161987,3.9995657884559987
0.68075,-0.22431680175477148,3.998696261046608
0.68125,-0.22510050097477796,3.9978252573664173
0.68175,-0.22588543049233786,3.9969527727860013
0.68225,-0.2266715941763142,3.9960788026544627
0.68275,-0.2274589959138473,3.9952033422993045
0.68325,-0.2282476396104717,3.9943263870262857
0.68375,-0.22903752919023082,3.9934479321193006
0.68425,-0.22982866859579568,3.9925679728402304
0.68475,-0.23062106178858136,3.991686504428814
0.68525,-0.23141471274886763,3.9908035221025093
0.68575,-0.23220962547591742,3.9899190210563518
0.68625,-0.23300580398809909,3.989032996462817
0.68675,-0.23380325232300697,3.988145443471679
0.68725,-0.23460197453758566,3.9872563572098683
0.68775,-0.2354019747082523,3.986365732781328
0.68825,-0.236203256931023,3.985473565266869
0.68875,-0.23700582532163714,3.9845798497240286
0.68925,-0.23780968401568567,3.9836845811869157
0.68975,-0.23861483716873755,3.9827877546660733
0.69025,-0.23942128895647,3.981889365148322
0.69075,-0.24022904357479719,3.9809894075966117
0.69125,-0.24103810524000244,3.9800878769498733
0.69175,-0.24184847818886898,3.9791847681228596
0.69225,-0.2426601666788145,3.9782800760060018
0.69275,-0.24347317498802373,3.9773737954652417
0.69325,-0.24428750741558553,3.9764659213418883
0.69375,-0.24510316828162745,3.9755564484524517
0.69425,-0.24592016192745506,3.9746453715884873
0.69475,-0.24673849271568882,3.9737326855164365
0.69525,-0.24755816503040548,3.9728183849774648
0.69575,-0.24837918327727757,3.9719024646872985
0.69625,-0.24920155188371682,3.9709849193360616
0.69675,-0.2500252752990161,3.970065743588112
0.69725,-0.2508503579944951,3.9691449320818726
0.69775,-0.2516768044636448,3.9682224794296648
0.69825,-0.2525046192222755,3.9672983802175392
0.69875,-0.25333380680866346,3.9663726290051042
0.69925,-0.2541643717837018,3.9654452203253565
0.69975,-0.2549963187310494,3.964516148684505
0.70025,-0.2558296522572841,3.963585408561796
0.70075,-0.2566643769920546,3.9626529944093396
0.70125,-0.25750049758823573,3.9617189006519298
0.70175,-0.2583380187220831,3.960783121686867
0.70225,-0.2591769450933912,3.9598456518837755
0.70275,-0.2600172814256502,3.958906485584424
0.70325,-0.26085903246620723,3.9579656171025372
0.70375,-0.2617022029864254,3.9570230407236195
0.70425,-0.26254679778184786,3.9560787507047595
0.70475,-0.26339282167236,3.9551327412744444
0.70525,-0.2642402795023558,3.954185006632375
0.70575,-0.2650891761409028,3.953235540949268
0.70625,-0.2659395164819116,3.9522843383666664
0.70675,-0.2667913054443034,3.9513313929967455
0.70725,-0.26764454797218257,3.9503766989221147
0.70775,-0.26849924903500694,3.9494202501956224
0.70825,-0.2693554136277633,3.948462040840153
0.70875,-0.2702130467711407,3.947502064848431
0.70925,-0.27107215351170905,3.946540316182812
0.70975,-0.2719327389220954,3.945576788775084
0.71025,-0.2727948081011654,3.9446114765262577
0.71075,-0.27365836617420286,3.943644373306358
0.71125,-0.2745234182930943,3.9426754729542193
0.71175,-0.27538996963651163,3.9417047692772686
0.71225,-0.27625802541009997,3.9407322560513154
0.71275,-0.27712759084666333,3.9397579270203327
0.71325,-0.2779986712063559,3.9387817758962456
0.71375,-0.27887127177687115,3.9378037963587107
0.71425,-0.27974539787363595,3.936823982054893
0.71475,-0.2806210548400034,3.9358423265992437
0.71525,-0.2814982480474502,3.934858823573281
0.71575,-0.2823769828957732,3.9338734665253563
0.71625,-0.2832572648132898,3.932886248970431
0.71675,-0.284139099257038,3.931897164389845
0.71725,-0.28502249171298105,3.930906206231084
0.71775,-0.2859074476962102,3.9299133679075444
0.71825,-0.28679397275115315,3.9289186427983016
0.71875,-0.2876820724517809,3.927922024247863
0.71925,-0.2885717524018195,3.9269235055659353
0.71975,-0.28946301823496123,3.9259230800271805
0.72025,-0.2903558756150785,3.9249207408709683
0.72075,-0.2912503302364408,3.9239164813011316
0.72125,-0.29214638782393154,3.9229102944857175
0.72175,-0.2930440541332688,3.9219021735567354
0.72225,-0.2939433349512261,3.9208921116099034
0.72275,-0.2948442360958577,3.919880101704396
0.72325,-0.2957467634167226,3.9188661368625826
0.72375,-0.29665092279511457,3.917850210069766
0.72425,-0.29755672014428985,3.916832314273926
0.72475,-0.2984641614097012,3.9158124423854495
0.72525,-0.2993732525692304,3.914790587276866
0.72575,-0.30028399963342606,3.913766741782576
0.72625,-0.3011964086457405,3.9127408986985825
0.72675,-0.30211048568277193,3.911713050782212
0.72725,-0.3030262368545057,3.910683190751844
0.72775,-0.303943668304561,3.9096513112866256
0.72825,-0.3048627862104364,3.9086174050261926
0.72875,-0.3057835967837612,3.9075814645703857
0.72925,-0.3067061062705458,3.906543482478964
0.72975,-0.30763032095143705,3.9055034512713127
0.73025,-0.30855624714197377,3.9044613634261536
0.73075,-0.3094838911928469,3.9034172113812518
0.73125,-0.3104132594901595,3.9023709875331125
0.73175,-0.31134435845569197,3.9013226842366886
0.73225,-0.31227719454716674,3.900272293805074
0.73275,-0.3132117742585186,3.8992198085091943
0.73325,-0.3141481041201644,3.898165220577505
0.73375,-0.31508619069927846,3.8971085221956785
0.73425,-0.3160260406000671,3.896049705506289
0.73475,-0.3169676604640496,3.894988762608493
0.73525,-0.3179110569703379,3.8939256855577176
0.73575,-0.3188562368359224,3.8928604663653243
0.73625,-0.3198032068159577,3.8917930969983
0.73675,-0.32075197370405345,3.8907235693789133
0.73725,-0.32170254433256557,3.8896518753843923
0.73775,-0.3226549255728926,3.888578006846584
0.73825,-0.32360912433577266,3.8875019555516186
0.73875,-0.3245651475715855,3.8864237132395703
0.73925,-0.3255230022706549,3.885343271604107
0.73975,-0.3264826954635568,3.8842606222921505
0.74025,-0.32744423422142743,3.883175756903518
0.74075,-0.32840762565627757,3.8820886669905734
0.74125,-0.3293728769213064,3.880999344057866
0.74175,-0.3303399952112219,3.8799077795617727
0.74225,-0.3313089877625611,3.8788139649101314
0.74275,-0.3322798618540164,3.877717891461874
0.74325,-0.333252624806762,3.8766195505266547
0.74375,-0.33422728398478696,3.8755189333644773
0.74425,-0.33520384679522786,3.8744160311853135
0.74475,-0.33618232068870846,3.873310835148722
0.74525,-0.3371627131596787,3.8722033363634667
0.74575,-0.33814503174676125,3.8710935258871184
0.74625,-0.3391292840330973,3.8699813947256736
0.74675,-0.3401154776466995,3.8688669338331456
0.74725,-0.34110362026080543,3.867750134111173
0.74775,-0.34209371959423673,3.8666309864086097
0.74825,-0.34308578341176,3.8655094815211193
0.74875,-0.34407981952445316,3.86438561019076
0.74925,-0.34507583579007334,3.863259363105574
0.74975,-0.34607384011343095,3.862130730899157
0.75025,-0.34707384044676437,3.860999704150242
0.75075,-0.34807584479012205,3.859866273382268
0.75125,-0.3490798611917447,3.858730429062945
0.75175,-0.35008589774845494,3.857592161603821
0.75225,-0.35109396260604714,3.856451461359835
0.75275,-0.3521040639596852,3.855308318628876
0.75325,-0.35311621005430033,3.8541627236513305
0.75375,-0.35413040918499683,3.8530146666096257
0.75425,-0.35514666969745784,3.8518641376277754
0.75475,-0.3561649999883597,3.8507111267709115
0.75525,-0.35718540850578595,3.8495556240448177
0.75575,-0.3582079037496499,3.8483976193954534
0.75625,-0.35923249427211756,3.847237102708484
0.75675,-0.36025918867803874,3.8460740638087865
0.75725,-0.36128799562537867,3.8449084924599726
0.75775,-0.3623189238256581,3.8437403783638886
0.75825,-0.36335198204439395,3.842569711160122
0.75875,-0.3643871791015483,3.841396480425498
0.75925,-0.3654245238719784,3.840220675673575
0.75975,-0.366464025285895,3.8390422863541263
0.76025,-0.367505692329322,3.837861301852626
0.76075,-0.36854953404456414,3.8366777114897244
0.76125,-0.369595559530676,3.8354915045207223
0.76175,-0.3706437779439402,3.834302670135034
0.76225,-0.371694198498346,3.8331111974556493
0.76275,-0.3727468304660773,3.831917075538589
0.76325,-0.373801683178002,3.830720293372353
0.76375,-0.3748587660241699,3.829520839877366
0.76425,-0.3759180884543124,3.8283187039054143
0.76475,-0.3769796599783515,3.8271138742390782
0.76525,-0.3780434901669097,3.8259063395911603
0.76575,-0.3791095886518302,3.8246960886041044
0.76625,-0.38017796512669766,3.8234831098494073
0.76675,-0.38124862934736936,3.822267391827033
0.76725,-0.38232159113250763,3.8210489229648092
0.76775,-0.383396860364122,3.819827691617829
0.76825,-0.38447444698811356,3.8186036860678314
0.76875,-0.3855543610148287,3.817376894522595
0.76925,-0.38663661251961506,3.8161473051153085
0.76975,-0.38772121164338785,3.8149149059039384
0.77025,-0.3888081685931976,3.813679684870601
0.77075,-0.38989749364280885,3.8124416299209076
0.77125,-0.3909891971332805,3.811200728883325
0.77175,-0.39208328947355703,3.8099569695085105
0.77225,-0.393179781141062,3.8087103394686523
0.77275,-0.3942786826823019,3.807460826356794
0.77325,-0.39538000471347284,3.8062084176861597
0.77375,-0.3964837579210782,3.8049531008894655
0.77425,-0.39758995306254846,3.8036948633182304
0.77475,-0.3986986009668723,3.8024336922420696
0.77525,-0.399809712535231,3.8011695748479886
0.77575,-0.40092329874164323,3.7999024982396694
0.77625,-0.4020393706336135,3.798632449436744
0.77675,-0.40315793933279176,3.797359415374064
0.77725,-0.40427901603563654,3.796083382900958
0.77775,-0.405402612014089,3.794804338780491
0.77825,-0.40652873861625144,3.793522269688697
0.77875,-0.40765740726707655,3.7922371622138247
0.77925,-0.4087886294690612,3.790949002855562
0.77975,-0.40992241680295155,3.789657778024252
0.78025,-0.41105878092845266,3.7883634740401053
0.78075,-0.41219773358494977,3.7870660771323985
0.78125,-0.41333928659223396,3.7857655734386735
0.78175,-0.41448345185123997,3.784461949003912
0.78225,-0.41563024134478976,3.7831551897797167
0.78275,-0.416779667138345,3.781845281623471
0.78325,-0.41793174138077027,3.780532210297499
0.78375,-0.4190864763051014,3.77921596146821
0.78425,-0.42024388422932724,3.777896520705234
0.78475,-0.4214039775571757,3.7765738734805487
0.78525,-0.4225667687789135,3.775248005167598
0.78575,-0.4237322704721512,3.7739189010403975
0.78625,-0.4249004953026611,3.7725865462726325
0.78675,-0.4260714560252015,3.7712509259367413
0.78725,-0.42724516548435415,3.769912025002995
0.78775,-0.4284216366153674,3.76856982833856
0.78825,-0.429600882445014,3.767224320706553
0.78875,-0.4307829160924541,3.7658754867650877
0.78925,-0.43196775077011346,3.764523311066302
0.78975,-0.433155399784567,3.7631677780553865
0.79025,-0.4343458765374381,3.761808872069588
0.79075,-0.4355391945263034,3.76044657733721
0.79125,-0.43673536734561347,3.7590808779766043
0.79175,-0.43793440868761974,3.757711757995142
0.79225,-0.4391363323433171,3.7563392012881733
0.79275,-0.4403411522033936,3.754963191637986
0.79325,-0.44154888225919553,3.753583712712741
0.79375,-0.4427595366037006,3.7522007480653965
0.79425,-0.44397312943250633,3.750814281132624
0.79475,-0.445189675044827,3.749424295233707
0.79525,-0.4464091878445065,3.748030773569433
0.79575,-0.4476316823410396,3.746633699220959
0.79625,-0.44885717315060986,3.745233055148684
0.79675,-0.4500856749971358,3.7438288241910853
0.79725,-0.45131720271333475,3.74242098906356
0.79775,-0.45255177124179524,3.74100953235724
0.79825,-0.4537893956360668,3.7395944365378
0.79875,-0.4550300910617594,3.7381756839442453
0.79925,-0.4562738727976604,3.736753256787691
0.79975,-0.45752075623686145,3.7353271371501213
0.80025,-0.45877075688790386,3.7338973069831356
0.80075,-0.46002389037593355,3.7324637481066825
0.80125,-0.46128017244387526,3.7310264422077717
0.80175,-0.4625396189536171,3.729585370839176
0.80225,-0.4638022458872143,3.728140515418112
0.80275,-0.46506806934810396,3.7266918572249144
0.80325,-0.4663371055623396,3.725239377401677
0.80375,-0.4676093708798369,3.723783056950898
0.80425,-0.4688848817756397,3.722322876734087
0.80475,-0.4701636548511981,3.720858817470374
0.80525,-0.4714457068356671,3.719390859735086
0.80575,-0.47273105458721737,3.7179189839583184
0.80625,-0.47401971509436774,3.7164431704234757
0.80675,-0.4753117054773301,3.7149633992658027
0.80725,-0.4766070429893765,3.7134796504708953
0.80775,-0.4779057450182191,3.7119919038731934
0.80825,-0.47920782908741316,3.71050013915445
0.80875,-0.48051331285777316,3.709004335842187
0.80925,-0.48182221412881276,3.7075044733081253
0.80975,-0.4831345508401982,3.7060005307666044
0.81025,-0.48445034107322626,3.7044924872729657
0.81075,-0.4857696030523167,3.702980321721934
0.81125,-0.4870923551465289,3.7014640128459657
0.81175,-0.4884186158710943,3.699943539213575
0.81225,-0.4897484038889739,3.6984188792276513
0.81275,-0.4910817380124314,3.696890011123736
0.81325,-0.4924186372046326,3.6953569129682937
0.81375,-0.49375912058126137,3.693819562656952
0.81425,-0.4951032074121617,3.6922779379127197
0.81475,-0.49645091712299766,3.690732016284184
0.81525,-0.4978022692969404,3.6891817751436786
0.81575,-0.4991572836763728,3.687627191685436
0.81625,-0.500515980164623,3.6860682429237084
0.81675,-0.5018783788277154,3.6845049056908663
0.81725,-0.503244499896152,3.6829371566354694
0.81775,-0.5046143637667121,3.681364972220321
0.81825,-0.5059879910042816,3.6797883287204796
0.81875,-0.5073654023437038,3.6782072022212624
0.81925,-0.5087466186916589,3.676621568616207
0.81975,-0.5101316611285666,3.6750314036050193
0.82025,-0.511520550910518,3.6734366826914777
0.82075,-0.5129133094712309,3.6718373811813234
0.82125,-0.5143099584240375,3.670233474180116
0.82175,-0.5157105195638931,3.668624936591059
0.82225,-0.5171150148694208,3.6670117431127935
0.82275,-0.5185234665049774,3.6653938682371745
0.82325,-0.5199358968227549,3.6637712862469978
0.82375,-0.5213523283649069,3.6621439712137085
0.82425,-0.5227727838657088,3.660511896995076
0.82475,-0.5241972862537461,3.6588750372328347
0.82525,-0.5256258586541361,3.65723336535029
0.82575,-0.5270585243907792,3.6555868545498953
0.82625,-0.5284953069886452,3.6539354778107946
0.82675,-0.5299362301760895,3.652279207886329
0.82725,-0.5313813178872063,3.6506180173015066
0.82775,-0.5328305942642119,3.648951878350441
0.82825,-0.5342840836598667,3.6472807630937516
0.82875,-0.5357418106399285,3.6456046433559264
0.82925,-0.5372037999856463,3.643923490722647
0.82975,-0.538670076696285,3.6422372765380793
0.83025,-0.5401406659916932,3.6405459719021214
0.83075,-0.5416155933149036,3.6388495476676113
0.83125,-0.5430948843347764,3.637147974437498
0.83175,-0.5445785649486773,3.6354412225619734
0.83225,-0.5460666612852004,3.6337292621355566
0.83275,-0.5475591997069269,3.6320120629941397
0.83325,-0.5490562068132294,3.630289594711989
0.83375,-0.5505577094431141,3.628561826598706
0.83425,-0.5520637346781101,3.6268287276961417
0.83475,-0.5535743098451981,3.6250902667752634
0.83525,-0.5550894625197877,3.6233464123329773
0.83575,-0.5566092205287358,3.6215971325889087
0.83625,-0.5581336119534154,3.619842395482126
0.83675,-0.5596626651328256,3.618082168667821
0.83725,-0.5611964086667567,3.616316419513941
0.83775,-0.5627348714189961,3.6145451150977683
0.83825,-0.5642780825205911,3.612768222202446
0.83875,-0.5658260713731549,3.6109857073134637
0.83925,-0.5673788676522317,3.609197536615068
0.83975,-0.5689365013107062,3.6074036759866415
0.84025,-0.5704990025822739,3.6056040909990132
0.84075,-0.5720664019849595,3.6037987469107207
0.84125,-0.5736387303246955,3.601987608664207
0.84175,-0.5752160186989531,3.6001706408819656
0.84225,-0.5767982985004347,3.5983478078626248
0.84275,-0.578385601420821,3.5965190735769728
0.84325,-0.579977959454581,3.5946844016639155
0.84375,-0.5815754049028404,3.59284375542638
0.84425,-0.5831779703773144,3.590997097827153
0.84475,-0.5847856888043018,3.5891443914846426
0.84525,-0.586398593428743,3.5872855986685934
0.84575,-0.5880167178183473,3.5854206812957172
0.84625,-0.5896400958677821,3.583549600925265
0.84675,-0.5912687618029355,3.581672318754525
0.84725,-0.5929027501852433,3.579788795614249
0.84775,-0.5945420959160926,3.577898991964008
0.84825,-0.5961868342412919,3.5760028678874747
0.84875,-0.5978370007556205,3.574100383087624
0.84925,-0.5994926314074482,3.5721914968818655
0.84975,-0.6011537625034374,3.570276168197091
0.85025,-0.6028204307133164,3.568354355564646
0.85075,-0.6044926730747402,3.566426017115214
0.85125,-0.6061705269982262,3.564491110573628
0.85175,-0.6078540302721784,3.5625495932535816
0.85225,-0.609543221067992,3.5606014220522737
0.85275,-0.6112381379452478,3.558646553444942
0.85325,-0.6129388198569928,3.55668494347933
0.85375,-0.6146453061551129,3.5547165477700418
0.85425,-0.6163576365957948,3.5527413214928205
0.85475,-0.6180758513450856,3.5507592193787145
0.85525,-0.6197999909845434,3.5487701957081645
0.85575,-0.6215300965169914,3.5467742043049717
0.85625,-0.6232662093723658,3.544771198530184
0.85675,-0.6250083714136715,3.5427611312758645
0.85725,-0.626756624943036,3.54074395495876
0.85775,-0.6285110127078758,3.538719621513863
0.85825,-0.630271577907165,3.5366880823878626
0.85875,-0.6320383641978208,3.534649288532479
0.85925,-0.6338114157011958,3.5326031903976944
0.85975,-0.635590777009693,3.5305497379248534
0.86025,-0.6373764931934914,3.5284888805396544
0.86075,-0.6391686098073992,3.526420567145018
0.86125,-0.6409671728978238,3.5243447461138233
0.86175,-0.6427722290098739,3.5222613652815284
0.86225,-0.6445838251945838,3.520170371938651
0.86275,-0.646402009016276,3.518071712823128
0.86325,-0.6482268285600504,3.5159653341125257
0.86375,-0.6500583324394192,3.5138511814161255
0.86425,-0.6518965698040733,3.511729199766863
0.86475,-0.6537415903478004,3.5095993336131146
0.86525,-0.6555934443165424,3.5074615268103586
0.86575,-0.6574521825166089,3.5053157226126612
0.86625,-0.6593178563230377,3.503161863664025
0.86675,-0.661190517688119,3.5009998919895775
0.86725,-0.6630702191500716,3.4988297489865925
0.86775,-0.6649570138418915,3.4966513754153556
0.86825,-0.6668509555003599,3.494464711389862
0.86875,-0.6687520984752294,3.4922696963683344
0.86925,-0.6706604977385796,3.4900662691435755
0.86975,-0.6725762088943578,3.4878543678331355
0.87025,-0.6744992881880968,3.4856339298692998
0.87075,-0.6764297925168267,3.4834048919888896
0.87125,-0.678367779439173,3.481167190222867
0.87175,-0.6803133071856565,3.4789207598857494
0.87225,-0.6822664346691888,3.476665535564823
0.87275,-0.6842272214957799,3.4744014511091454
0.87325,-0.6861957279754495,3.4721284396183534
0.87375,-0.6881720151333613,3.469846433431234
0.87425,-0.6901561447211715,3.467555364114101
0.87475,-0.6921481792286089,3.4652551624489267
0.87525,-0.6941481818952817,3.462945758421261
0.87575,-0.696156216722727,3.4606270812078983
0.87625,-0.698172348486696,3.45829905916432
0.87675,-0.7001966427496963,3.455961619811884
0.87725,-0.7022291658737808,3.4536146898247564
0.87775,-0.7042699850336053,3.451258195016599
0.87825,-0.7063191682297462,3.44889206032698
0.87875,-0.7083767843022997,3.4465162098075197
0.87925,-0.7104429029447548,3.4441305666077624
0.87975,-0.7125175947181607,3.4417350529607567
0.88025,-0.7146009310655834,3.4393295901683563
0.88075,-0.7166929843268707,3.436914098586208
0.88125,-0.7187938277537205,3.4344884976084527
0.88175,-0.7209035355250748,3.4320527056521004
0.88225,-0.7230221827628323,3.4296066401410896
0.88275,-0.7251498455479016,3.427150217490022
0.88325,-0.7272866009365925,3.4246833530875582
0.88375,-0.7294325269773632,3.422205961279465
0.88425,-0.7315877027279241,3.4197179553513153
0.88475,-0.733752208272717,3.417219247510827
0.88525,-0.7359261247407686,3.4147097488698255
0.88575,-0.738109534323939,3.4121893694258274
0.88625,-0.7403025202955659,3.4096580180432317
0.88675,-0.7425051670295243,3.407115602434121
0.88725,-0.7447175600197019,3.404562029138635
0.88775,-0.7469397858999142,3.4019972035049375
0.88825,-0.7491719324642567,3.3994210296687415
0.88875,-0.7514140886879213,3.3968334105324
0.88925,-0.7536663447484733,3.39423424774353
0.88975,-0.7559287920476183,3.3916234416731768
0.89025,-0.7582015232334555,3.389000891393501
0.89075,-0.7604846322232462,3.386366494654965
0.89125,-0.7627782142266991,3.3837201478630208
0.89175,-0.7650823657697965,3.3810617460542756
0.89225,-0.7673971847191672,3.378391182872128
0.89275,-0.7697227703070328,3.3757083505418466
0.89325,-0.7720592231567288,3.373013139845103
0.89375,-0.774406645308833,3.370305440093909
0.89425,-0.7767651402479021,3.367585139103979
0.89475,-0.7791348129298507,3.364852123167462
0.89525,-0.7815157698099723,3.362106277025064
0.89575,-0.7839081188716407,3.359347483837517
0.89625,-0.786311969655692,3.356575625156388
0.89675,-0.7887274332905251,3.353790580894205
0.89725,-0.7911546225229238,3.350992229293894
0.89775,-0.7935936517496406,3.348180446897474
0.89825,-0.7960446370497436,3.345355108514035
0.89875,-0.7985076962177718,3.342516087186933
0.89925,-0.8009829487976997,3.3396632541602265
0.89975,-0.8034705161177569,3.3367964788442768
0.90025,-0.8059705213261095,3.3339156287805447
0.90075,-0.8084830894274462,3.331020569605513
0.90125,-0.8110083473204802,3.3281111650137487
0.90175,-0.8135464238364108,3.3251872767200394
0.90225,-0.8160974497783583,3.3222487644206184
0.90275,-0.8186615579618183,3.31929548575341
0.90325,-0.8212388832561502,3.3163272962573065
0.90375,-0.8238295626271493,3.313344049330406
0.90425,-0.8264337351807182,3.3103455961872204
0.90475,-0.829051542207691,3.3073317858147866
0.90525,-0.831683127229828,3.304302464927675
0.90575,-0.8343286360470361,3.301257477921838
0.90625,-0.8369882167858358,3.2981966668272893
0.90675,-0.8396620199491331,3.2951198712595464
0.90725,-0.8423501984673236,3.292026928369826
0.90775,-0.8450529077507773,3.2889176727939335
0.90825,-0.847770305743756,3.2857919365998174
0.90875,-0.8505025529797952,3.28264954923374
0.90925,-0.8532498126386158,3.279490337465018
0.90975,-0.8560122506046004,3.276314125329299
0.91025,-0.8587900355269018,3.2731207340703112
0.91075,-0.8615833388812214,3.269909982080047
0.91125,-0.8643923350333333,3.2666816848373217
0.91175,-0.8672172013043925,3.2634356548446735
0.91225,-0.8700581180381083,3.260171701563509
0.91275,-0.8729152686698273,3.2568896313474927
0.91325,-0.8757888397976116,3.253589247374063
0.91375,-0.878679021255361,3.250270349574061
0.91425,-0.8815860061880713,3.246932734559373
0.91475,-0.8845099911292825,3.2435761955485463
0.91525,-0.8874511760808161,3.2402005222902823
0.91575,-0.89040976459486,3.2368055009847607
0.91625,-0.893385963858508,3.233390914202695
0.91675,-0.896379984780819,3.229956540802065
0.91725,-0.8993920420825098,3.2265021558424203
0.91775,-0.9024223543883549,3.2230275304966924
0.91825,-0.9054711443224146,3.219532431960402
0.91875,-0.9085386386061721,3.2160166233582013
0.91925,-0.911625068159713,3.2124798636476193
0.91975,-0.914730668206033,3.2089219075199384
0.92025,-0.9178556783786189,3.20534250529808
0.92075,-0.9210003428324006,3.2017414028314066
0.92125,-0.9241649103582248,3.1981183413872993
0.92175,-0.9273496345009643,3.194473057539433
0.92225,-0.9305547736814243,3.1908052830525797
0.92275,-0.9337805913221682,3.187114744763849
0.92325,-0.9370273559774427,3.1834011644602067
0.92375,-0.9402953414673351,3.1796642587521435
0.92425,-0.9435848270163567,3.1759037389433344
0.92475,-0.9468960973966031,3.1721193108961594
0.92525,-0.9502294430756981,3.1683106748928793
0.92575,-0.9535851603696911,3.164477525492362
0.92625,-0.9569635516011313,3.1606195513821143
0.92675,-0.9603649252625073,3.1567364352254987
0.92725,-0.963789596185295,3.152827853503886
0.92775,-0.9672378857148248,3.148893476353595
0.92825,-0.9707101218912307,3.144932967397357
0.92875,-0.9742066396367157,3.140945983570136
0.92925,-0.9777277809494225,3.136932174939015
0.92975,-0.9812738951041681,3.1328911845169696
0.93025,-0.9848453388603585,3.1288226480702104
0.93075,-0.9884424766773717,3.1247261939188835
0.93125,-0.9920656809377557,3.120601442730801
0.93175,-0.9957153321785611,3.116448007307946
0.93225,-0.9993918193311909,3.1122654923654136
0.93275,-1.0030955399701214,3.1080534943024856
0.93325,-1.0068269005709165,3.103811600965483
0.93375,-1.0105863167779299,3.099539391402044
0.93425,-1.0143742136821592,3.095236435606445
0.93475,-1.0181910261096943,3.090902294255592
0.93525,-1.0220371989212724,3.0865365184352123
0.93575,-1.025913187323431,3.0821386493558807
0.93625,-1.0298194571918282,3.077708218058345
0.93675,-1.033756485407281,3.0732447451077203
0.93725,-1.0377247602051494,3.0687477402760024
0.93775,-1.0417247815386872,3.0642167022123776
0.93825,-1.0457570614570528,3.0596511181007497
0.93875,-1.0498221244986774,3.0550504633038935
0.93925,-1.0539205081007672,3.0504142009935724
0.93975,-1.0580527630257135,3.045741781765987
0.94025,-1.062219453805286,3.0410326432418042
0.94075,-1.0664211592034754,3.036286209650054
0.94125,-1.0706584726989619,3.031501891395068
0.94175,-1.0749320029881906,3.026679084605648
0.94225,-1.0792423745101447,3.021817170665549
0.94275,-1.0835902279939211,3.0169155157243672
0.94325,-1.08797622103034,3.0119734701878
0.94375,-1.0924010286688308,3.0069903681862566
0.94425,-1.0968653440409821,3.001965527020665
0.94475,-1.1013698790121647,2.996898246584319
0.94525,-1.105915364862791,2.9917878087594656
0.94575,-1.1105025530008112,2.986633476787331
0.94625,-1.11513221570721,2.981434494610118
0.94675,-1.1198051469163284,2.976190086183499
0.94725,-1.1245221630330082,2.9708994547579506
0.94775,-1.1292841037886354,2.965561782127252
0.94825,-1.134091833138357,2.960176227842278
0.94875,-1.1389462402018369,2.9547419283881755
0.94925,-1.143848240250148,2.9492579963228005
0.94975,-1.1487987757415032,2.9437235193742404
0.95025,-1.1537988174087954,2.9381375594950057
0.95075,-1.1588493654020469,2.9324991518704038
0.95125,-1.1639514504891681,2.9268073038783373
0.95175,-1.1691061353185983,2.9210609939976786
0.95225,-1.1743145157477266,2.915259170662071
0.95275,-1.1795777222412198,2.909400751055871
0.95325,-1.1848969213437484,2.903484619848639
0.95375,-1.1902733172318787,2.8975096278643693
0.95425,-1.195708153350331,2.891474590681347
0.95475,-1.201202714138128,2.8853782871582245
0.95525,-1.206758326850664,2.8792194578815558
0.95575,-1.2123763634841265,2.872996803529717
0.95625,-1.2180582428092848,2.866708983147664
0.95675,-1.2238054325221517,2.860354612326647
0.95725,-1.2296194515197119,2.8539322612824423
0.95775,-1.2355018723095044,2.8474404528252384
0.95825,-1.2414543235626643,2.8408776602136627
0.95875,-1.2474784928207507,2.8342423048849232
0.95925,-1.2535761293676606,2.8275327540522808
0.95975,-1.2597490472788095,2.8207473181604175
0.96025,-1.265999128660926,2.813884248188388
0.96075,-1.272328327096887,2.8069417327890287
0.96125,-1.2787386713114186,2.7999178952526687
0.96175,-1.2852322690748235,2.7928107902819783
0.96225,-1.2918113113635796,2.785618400563541
0.96275,-1.2984780767983115,2.778338633120531
0.96325,-1.3052349363816738,2.7709693154293378
0.96375,-1.312084358560754,2.7635081912814914
0.96425,-1.3190289146410883,2.755952916370394
0.96475,-1.3260712845819569,2.74830105358049
0.96525,-1.333214263205696,2.7405500679542656
0.96575,-1.3404607668569788,2.732697321310132
0.96625,-1.3478138405518272,2.7247400664814747
0.96675,-1.3552766656601642,2.7166754411442344
0.96725,-1.3628525681704662,2.7085004611969556
0.96775,-1.3705450275902051,2.7002120136535583
0.96825,-1.3783576865417464,2.6918068490048013
0.96875,-1.3862943611198906,2.6832815729997477
0.96925,-1.3943590520848315,2.67463263779317
0.96975,-1.4025559569726707,2.6658563323988655
0.97025,-1.4108894832152756,2.6569487723820657
0.97075,-1.4193642623721632,2.6479058887164273
0.97125,-1.4279851655894151,2.638723415722482
0.97175,-1.436757320414871,2.629396877994415
0.97225,-1.4456861291148733,2.619921576210943
0.97275,-1.4547772886564694,2.6102925717130745
0.97325,-1.464036812540087,2.600504669717004
0.97375,-1.4734710546922796,2.590552401013405
0.97425,-1.4830867356562223,2.5804300019852016
0.97475,-1.4928909713504115,2.570131392753446
0.97525,-1.5028913047037453,2.5596501532353457
0.97575,-1.51309574051935,2.5489794968684816
0.97625,-1.5235127839707698,2.538112241720789
0.97675,-1.5341514831944134,2.527040778665326
0.97725,-1.5450214765126151,2.515757036251824
0.97775,-1.5561330449049715,2.504252441851571
0.97825,-1.5674971704437481,2.492517878587227
0.97875,-1.5791256015258832,2.4805436374822283
0.97925,-1.591030925872741,2.468319364173591
0.97975,-1.603226652434822,2.4558339994235494
0.98025,-1.6157273035375292,2.443075712536449
0.98075,-1.6285485188441995,2.4300318266322454
0.98125,-1.6417071730028847,2.4166887345416725
0.98175,-1.6552215091968459,2.403031803862375
0.98225,-1.6691112912503823,2.389045269441366
0.98275,-1.683397977472412,2.374712111214112
0.98325,-1.698104920075557,2.3600139149195494
0.98375,-1.713257594823223,2.3449307127023737
0.98425,-1.7288838665752735,2.329440799983411
0.98475,-1.745014297684386,2.313520524190284
0.98525,-1.7616825078181801,2.297144039948824
0.98575,-1.7789255958537666,2.2802830240784693
0.98625,-1.7967846371548042,2.2629063421304507
0.98675,-1.8153052729949808,2.2449796561423345
0.98725,-1.8345384134088767,2.2264649606027653
0.98775,-1.8545410807157285,2.207320030110027
0.98825,-1.8753774289160103,2.187497757566169
0.98875,-1.8971199848858822,2.1669453555438447
0.98925,-1.9198511719242581,2.145603385076464
0.98975,-1.9436651964188882,2.123404564644986
0.99025,-1.9686704067062162,2.100272296218505
0.99075,-1.99499227344893,2.0761188228094247
0.99125,-2.0227771990263324,2.0508428999861703
0.99175,-2.052197449037802,2.0243268172053086
0.99225,-2.0834576275284657,1.9964325357389838
0.99275,-2.1168033147778056,1.966996605289629
0.99325,-2.1525327967688743,1.9358233589206288
0.99375,-2.1910133173369424,1.902675626917377
0.99425,-2.2327041218064636,1.8672617844558734
0.99475,-2.278190010909332,1.829217223314715
0.99525,-2.3282317401878174,1.78807705366823
0.99575,-2.383844557742936,1.7432344560499857
0.99625,-2.446426129219932,1.6938744146537636
0.99675,-2.5179765510402765,1.6388627003401322
0.99725,-2.6015035933718504,1.5765474032790046
0.99775,-2.7018389411029373,1.5043728043957338
0.99825,-2.827496155243376,1.4180361825667984
0.99875,-2.9957322735540015,1.3093073414159477
0.99925,-3.2511450854369675,1.15857129076651
0.99975,-3.800451229771096,0.8873433162989238
