schedule,seed,lambda,mse,bayes_mse,excess_mse,mode_error
cosine_vp,20260526,-10.0,0.016444489359855652,0.00019319771672599018,0.01624903455376625,0.496337890625
cosine_vp,20260526,-9.746835443037975,0.019571224227547646,0.00025033255224116147,0.019418425858020782,0.489501953125
cosine_vp,20260526,-9.49367088607595,0.02463206835091114,0.00032214366365224123,0.024294555187225342,0.50048828125
cosine_vp,20260526,-9.240506329113924,0.02534538507461548,0.0004114301409572363,0.02485876902937889,0.507568359375
cosine_vp,20260526,-8.987341772151899,0.02683427557349205,0.0005365835386328399,0.02629537135362625,0.498291015625
cosine_vp,20260526,-8.734177215189874,0.022904936224222183,0.0006852941587567329,0.02198559232056141,0.517822265625
cosine_vp,20260526,-8.481012658227847,0.010708993300795555,0.0008854884654283524,0.009835917502641678,0.497314453125
cosine_vp,20260526,-8.227848101265822,0.007653083186596632,0.0011233463883399963,0.006502543110400438,0.500732421875
cosine_vp,20260526,-7.974683544303797,0.007983367890119553,0.0014752792194485664,0.00648883543908596,0.502197265625
cosine_vp,20260526,-7.7215189873417724,0.008331222459673882,0.0018966968636959791,0.006343794986605644,0.5068359375
cosine_vp,20260526,-7.468354430379747,0.010439790785312653,0.002397280652076006,0.008084097877144814,0.496337890625
cosine_vp,20260526,-7.215189873417721,0.010620873421430588,0.003098171902820468,0.007378806360065937,0.5009765625
cosine_vp,20260526,-6.962025316455696,0.00983167253434658,0.0039658271707594395,0.005481896456331015,0.517578125
cosine_vp,20260526,-6.708860759493671,0.010435540229082108,0.005119195207953453,0.005345967598259449,0.502197265625
cosine_vp,20260526,-6.455696202531645,0.01358719915151596,0.006548683159053326,0.006792347878217697,0.510986328125
cosine_vp,20260526,-6.20253164556962,0.01734062284231186,0.0084298737347126,0.008698136545717716,0.505615234375
cosine_vp,20260526,-5.949367088607595,0.021254606544971466,0.0107512716203928,0.010822412557899952,0.48974609375
cosine_vp,20260526,-5.69620253164557,0.022280916571617126,0.014069736003875732,0.00836789421737194,0.495849609375
cosine_vp,20260526,-5.443037974683544,0.021511469036340714,0.018004141747951508,0.0036771574523299932,0.49609375
cosine_vp,20260526,-5.189873417721518,0.024468235671520233,0.023198742419481277,0.0012764555867761374,0.52783203125
cosine_vp,20260526,-4.936708860759493,0.03037526085972786,0.029673168435692787,0.000551451463252306,0.458251953125
cosine_vp,20260526,-4.6835443037974684,0.038507089018821716,0.0381615050137043,0.00029380180058069527,0.439697265625
cosine_vp,20260526,-4.430379746835443,0.049228694289922714,0.048393070697784424,0.0007267448818311095,0.43017578125
cosine_vp,20260526,-4.177215189873417,0.062306057661771774,0.06101946532726288,0.000984514830633998,0.409423828125
cosine_vp,20260526,-3.924050632911392,0.07778597623109818,0.07711698114871979,0.0006146451341919601,0.39111328125
cosine_vp,20260526,-3.670886075949367,0.09675700217485428,0.09614090621471405,0.0007193461060523987,0.381103515625
cosine_vp,20260526,-3.4177215189873413,0.12198399752378464,0.12019933015108109,0.0017711794935166836,0.360595703125
cosine_vp,20260526,-3.1645569620253156,0.15444795787334442,0.150800421833992,0.002901397878304124,0.34716796875
cosine_vp,20260526,-2.9113924050632907,0.18846480548381805,0.18567615747451782,0.004389247391372919,0.319091796875
cosine_vp,20260526,-2.6582278481012658,0.2339574694633484,0.2300843894481659,0.00419114762917161,0.304931640625
cosine_vp,20260526,-2.40506329113924,0.2704334557056427,0.2682875692844391,0.001851940411143005,0.2626953125
cosine_vp,20260526,-2.1518987341772142,0.3272058963775635,0.3265264630317688,0.000769799342378974,0.245849609375
cosine_vp,20260526,-1.8987341772151893,0.37173348665237427,0.37137240171432495,0.000403956335503608,0.219482421875
cosine_vp,20260526,-1.6455696202531644,0.43340152502059937,0.4329105019569397,0.0002574918034952134,0.19873046875
cosine_vp,20260526,-1.3924050632911396,0.46933886408805847,0.4691861569881439,0.00020640688308048993,0.165283203125
cosine_vp,20260526,-1.139240506329113,0.5309175252914429,0.5297044515609741,0.0004950647708028555,0.14892578125
cosine_vp,20260526,-0.886075949367088,0.5330494046211243,0.5310482978820801,0.001779868733137846,0.109619140625
cosine_vp,20260526,-0.6329113924050631,0.5467859506607056,0.5457228422164917,0.0004348727816250175,0.090087890625
cosine_vp,20260526,-0.37974683544303645,0.5531305074691772,0.5525392293930054,0.0008658600272610784,0.0673828125
cosine_vp,20260526,-0.12658227848101156,0.5275888442993164,0.525878369808197,0.0013723329175263643,0.049560546875
cosine_vp,20260526,0.12658227848101333,0.5134681463241577,0.5132825374603271,0.0016567683778703213,0.037841796875
cosine_vp,20260526,0.3797468354430382,0.415538489818573,0.4142392575740814,0.004228159319609404,0.015380859375
cosine_vp,20260526,0.6329113924050631,0.4571949541568756,0.45285284519195557,0.00224120682105422,0.0107421875
cosine_vp,20260526,0.8860759493670898,0.4606352746486664,0.45867374539375305,0.0012879393761977553,0.006591796875
cosine_vp,20260526,1.1392405063291147,0.5062323808670044,0.5040626525878906,0.0037814362440258265,0.006103515625
cosine_vp,20260526,1.3924050632911396,0.5575007796287537,0.54852694272995,0.006890640594065189,0.00341796875
cosine_vp,20260526,1.6455696202531662,0.6081962585449219,0.6051807403564453,0.005894507747143507,0.001708984375
cosine_vp,20260526,1.898734177215191,0.6306333541870117,0.6273180842399597,0.0016864577773958445,0.00048828125
cosine_vp,20260526,2.151898734177216,0.6886610984802246,0.683350145816803,0.002664836123585701,0.00048828125
cosine_vp,20260526,2.405063291139241,0.7243978977203369,0.7208199501037598,0.00181983457878232,0.000244140625
cosine_vp,20260526,2.6582278481012658,0.7548458576202393,0.7533317804336548,0.0011841303203254938,0.000244140625
cosine_vp,20260526,2.9113924050632924,0.8465576171875,0.8465074896812439,0.0016405165661126375,0.000244140625
cosine_vp,20260526,3.1645569620253173,0.8428881764411926,0.841200590133667,0.0018267410341650248,0.0
cosine_vp,20260526,3.417721518987342,0.8802497386932373,0.8750766515731812,0.0036705429665744305,0.0
cosine_vp,20260526,3.670886075949369,0.9101443290710449,0.9051538109779358,0.0033646635711193085,0.0
cosine_vp,20260526,3.9240506329113938,0.9339876770973206,0.9345741271972656,0.0012598950415849686,0.0
cosine_vp,20260526,4.177215189873419,0.9266984462738037,0.9260532259941101,0.0007496329490095377,0.0
cosine_vp,20260526,4.4303797468354436,0.946596622467041,0.9463679790496826,0.0009788217721506953,0.0
cosine_vp,20260526,4.6835443037974684,0.9676178693771362,0.9666179418563843,0.001275766990147531,0.0
cosine_vp,20260526,4.936708860759495,0.959867537021637,0.9581873416900635,0.0014911862090229988,0.000244140625
cosine_vp,20260526,5.18987341772152,0.9945567846298218,0.9956024885177612,0.0024677878245711327,0.0
cosine_vp,20260526,5.443037974683545,0.9346495866775513,0.9320111274719238,0.0023015406914055347,0.0
cosine_vp,20260526,5.6962025316455716,0.9546345472335815,0.9512332677841187,0.002035612240433693,0.0
cosine_vp,20260526,5.949367088607596,0.9876077771186829,0.9864608645439148,0.0022787158377468586,0.0
cosine_vp,20260526,6.202531645569621,1.0120233297348022,1.0108375549316406,0.0019687048625200987,0.0
cosine_vp,20260526,6.455696202531648,0.9881770610809326,0.9870278239250183,0.0015069309156388044,0.000244140625
cosine_vp,20260526,6.708860759493671,0.9861874580383301,0.9825130701065063,0.0015595960430800915,0.0
cosine_vp,20260526,6.962025316455698,0.9714816808700562,0.9710146188735962,0.0010505197569727898,0.0
cosine_vp,20260526,7.215189873417721,0.9715539813041687,0.9697163701057434,0.0006747739971615374,0.0
cosine_vp,20260526,7.4683544303797476,0.9873135685920715,0.9861644506454468,0.000527118390891701,0.0
cosine_vp,20260526,7.721518987341774,0.958202064037323,0.9582132697105408,0.00040982814971357584,0.0
cosine_vp,20260526,7.974683544303797,1.006441593170166,1.006131649017334,0.0004202508134767413,0.00048828125
cosine_vp,20260526,8.227848101265824,1.0165590047836304,1.0150140523910522,0.0005712705897167325,0.0
cosine_vp,20260526,8.48101265822785,1.0243885517120361,1.0238606929779053,0.0005884529673494399,0.000244140625
cosine_vp,20260526,8.734177215189874,1.029678463935852,1.028494954109192,0.0006281984387896955,0.0
cosine_vp,20260526,8.9873417721519,1.0051233768463135,1.003737449645996,0.0010267512407153845,0.0
cosine_vp,20260526,9.240506329113927,1.0152058601379395,1.0142654180526733,0.0012908255448564887,0.0
cosine_vp,20260526,9.49367088607595,0.987785816192627,0.9860867261886597,0.001646391930989921,0.0
cosine_vp,20260526,9.746835443037977,1.03761625289917,1.0333423614501953,0.002560319844633341,0.0
cosine_vp,20260526,10.0,1.0265707969665527,1.021850347518921,0.0029064507689327,0.0
linear_gamma,20260526,-10.0,0.05734110623598099,0.00019319771672599018,0.05714927613735199,0.49755859375
linear_gamma,20260526,-9.746835443037975,0.06173260509967804,0.00025033255224116147,0.06166737526655197,0.4912109375
linear_gamma,20260526,-9.49367088607595,0.05371975898742676,0.00032214366365224123,0.05333632230758667,0.499267578125
linear_gamma,20260526,-9.240506329113924,0.04419459030032158,0.0004114301409572363,0.043703969568014145,0.50732421875
linear_gamma,20260526,-8.987341772151899,0.04025842994451523,0.0005365835386328399,0.03977730870246887,0.5009765625
linear_gamma,20260526,-8.734177215189874,0.029295824468135834,0.0006852941587567329,0.028322219848632812,0.520751953125
linear_gamma,20260526,-8.481012658227847,0.024038953706622124,0.0008854884654283524,0.023240048438310623,0.504638671875
linear_gamma,20260526,-8.227848101265822,0.02527216635644436,0.0011233463883399963,0.024117618799209595,0.508056640625
linear_gamma,20260526,-7.974683544303797,0.02298532985150814,0.0014752792194485664,0.021489225327968597,0.504150390625
linear_gamma,20260526,-7.7215189873417724,0.024480553343892097,0.0018966968636959791,0.02257045917212963,0.507568359375
linear_gamma,20260526,-7.468354430379747,0.026428697630763054,0.002397280652076006,0.024112164974212646,0.496337890625
linear_gamma,20260526,-7.215189873417721,0.022944461554288864,0.003098171902820468,0.01957348734140396,0.500244140625
linear_gamma,20260526,-6.962025316455696,0.023916950449347496,0.0039658271707594395,0.019219178706407547,0.5185546875
linear_gamma,20260526,-6.708860759493671,0.0274168960750103,0.005119195207953453,0.02234337106347084,0.501953125
linear_gamma,20260526,-6.455696202531645,0.026179969310760498,0.006548683159053326,0.019341565668582916,0.510986328125
linear_gamma,20260526,-6.20253164556962,0.02729662135243416,0.0084298737347126,0.018457777798175812,0.504638671875
linear_gamma,20260526,-5.949367088607595,0.026917368173599243,0.0107512716203928,0.016695920377969742,0.489501953125
linear_gamma,20260526,-5.69620253164557,0.021904032677412033,0.014069736003875732,0.008104812353849411,0.495361328125
linear_gamma,20260526,-5.443037974683544,0.024574728682637215,0.018004141747951508,0.0068146963603794575,0.49609375
linear_gamma,20260526,-5.189873417721518,0.031262580305337906,0.023198742419481277,0.0077246129512786865,0.513427734375
linear_gamma,20260526,-4.936708860759493,0.03416626900434494,0.029673168435692787,0.004391653463244438,0.495849609375
linear_gamma,20260526,-4.6835443037974684,0.04626376926898956,0.0381615050137043,0.008690305054187775,0.48681640625
linear_gamma,20260526,-4.430379746835443,0.0637204647064209,0.048393070697784424,0.014932716265320778,0.501708984375
linear_gamma,20260526,-4.177215189873417,0.07225532084703445,0.06101946532726288,0.01035649050027132,0.491943359375
linear_gamma,20260526,-3.924050632911392,0.0863451138138771,0.07711698114871979,0.008660957217216492,0.47021484375
linear_gamma,20260526,-3.670886075949367,0.10650463402271271,0.09614090621471405,0.011173072271049023,0.448974609375
linear_gamma,20260526,-3.4177215189873413,0.12741084396839142,0.12019933015108109,0.0072050997987389565,0.373779296875
linear_gamma,20260526,-3.1645569620253156,0.15803322196006775,0.150800421833992,0.0059805563651025295,0.3564453125
linear_gamma,20260526,-2.9113924050632907,0.18961253762245178,0.18567615747451782,0.005709392949938774,0.3212890625
linear_gamma,20260526,-2.6582278481012658,0.23177793622016907,0.2300843894481659,0.001638720161281526,0.3037109375
linear_gamma,20260526,-2.40506329113924,0.26815056800842285,0.2682875692844391,0.0003369267797097564,0.2626953125
linear_gamma,20260526,-2.1518987341772142,0.32676318287849426,0.3265264630317688,0.000683530350215733,0.24609375
linear_gamma,20260526,-1.8987341772151893,0.3727256655693054,0.37137240171432495,0.0006893460522405803,0.220458984375
linear_gamma,20260526,-1.6455696202531644,0.4345506429672241,0.4329105019569397,0.000994312227703631,0.198974609375
linear_gamma,20260526,-1.3924050632911396,0.47060179710388184,0.4691861569881439,0.002246577525511384,0.165283203125
linear_gamma,20260526,-1.139240506329113,0.5353482961654663,0.5297044515609741,0.00328169041313231,0.149169921875
linear_gamma,20260526,-0.886075949367088,0.5334545373916626,0.5310482978820801,0.0018766531720757484,0.109619140625
linear_gamma,20260526,-0.6329113924050631,0.5454919338226318,0.5457228422164917,0.0013797087594866753,0.089111328125
linear_gamma,20260526,-0.37974683544303645,0.5552737712860107,0.5525392293930054,0.002195552457123995,0.067138671875
linear_gamma,20260526,-0.12658227848101156,0.529175877571106,0.525878369808197,0.0024371659383177757,0.05029296875
linear_gamma,20260526,0.12658227848101333,0.5142387747764587,0.5132825374603271,0.002067956607788801,0.037841796875
linear_gamma,20260526,0.3797468354430382,0.41510581970214844,0.4142392575740814,0.002403463702648878,0.014892578125
linear_gamma,20260526,0.6329113924050631,0.4554137587547302,0.45285284519195557,0.0022720627021044493,0.010498046875
linear_gamma,20260526,0.8860759493670898,0.46103203296661377,0.45867374539375305,0.002305050380527973,0.006591796875
linear_gamma,20260526,1.1392405063291147,0.5072459578514099,0.5040626525878906,0.004129971377551556,0.006591796875
linear_gamma,20260526,1.3924050632911396,0.5511714220046997,0.54852694272995,0.004413855727761984,0.003173828125
linear_gamma,20260526,1.6455696202531662,0.6058629751205444,0.6051807403564453,0.005406090058386326,0.001953125
linear_gamma,20260526,1.898734177215191,0.6356830596923828,0.6273180842399597,0.008359831757843494,0.00048828125
linear_gamma,20260526,2.151898734177216,0.692249596118927,0.683350145816803,0.007394054438918829,0.00048828125
linear_gamma,20260526,2.405063291139241,0.7261456251144409,0.7208199501037598,0.0031451256945729256,0.0
linear_gamma,20260526,2.6582278481012658,0.7552816271781921,0.7533317804336548,0.003265551757067442,0.000244140625
linear_gamma,20260526,2.9113924050632924,0.8492968082427979,0.8465074896812439,0.0055032833479344845,0.000244140625
linear_gamma,20260526,3.1645569620253173,0.8466930389404297,0.841200590133667,0.005396654829382896,0.0
linear_gamma,20260526,3.417721518987342,0.8839786648750305,0.8750766515731812,0.006515273358672857,0.0
linear_gamma,20260526,3.670886075949369,0.9134053587913513,0.9051538109779358,0.007306083105504513,0.0
linear_gamma,20260526,3.9240506329113938,0.9368675947189331,0.9345741271972656,0.004113915376365185,0.0
linear_gamma,20260526,4.177215189873419,0.9292298555374146,0.9260532259941101,0.003912715241312981,0.0
linear_gamma,20260526,4.4303797468354436,0.9509330987930298,0.9463679790496826,0.0053632063791155815,0.0
linear_gamma,20260526,4.6835443037974684,0.9735653400421143,0.9666179418563843,0.0056698862463235855,0.0
linear_gamma,20260526,4.936708860759495,0.9674699902534485,0.9581873416900635,0.007176263257861137,0.000244140625
linear_gamma,20260526,5.18987341772152,0.9979522824287415,0.9956024885177612,0.008024008944630623,0.0
linear_gamma,20260526,5.443037974683545,0.938817024230957,0.9320111274719238,0.007041953969746828,0.0
linear_gamma,20260526,5.6962025316455716,0.9568291306495667,0.9512332677841187,0.006774889305233955,0.0
linear_gamma,20260526,5.949367088607596,0.9925243854522705,0.9864608645439148,0.006142324768006802,0.0
linear_gamma,20260526,6.202531645569621,1.0167279243469238,1.0108375549316406,0.004882136359810829,0.0
linear_gamma,20260526,6.455696202531648,0.9900261163711548,0.9870278239250183,0.004847140982747078,0.000244140625
linear_gamma,20260526,6.708860759493671,0.9852075576782227,0.9825130701065063,0.0051117935217916965,0.0
linear_gamma,20260526,6.962025316455698,0.9775509834289551,0.9710146188735962,0.006311637349426746,0.0
linear_gamma,20260526,7.215189873417721,0.9808028936386108,0.9697163701057434,0.007795204408466816,0.0
linear_gamma,20260526,7.4683544303797476,0.9980503916740417,0.9861644506454468,0.008333096280694008,0.0
linear_gamma,20260526,7.721518987341774,0.9657168388366699,0.9582132697105408,0.008190460503101349,0.0
linear_gamma,20260526,7.974683544303797,1.0169283151626587,1.006131649017334,0.008981655351817608,0.00048828125
linear_gamma,20260526,8.227848101265824,1.0295685529708862,1.0150140523910522,0.009587668813765049,0.0
linear_gamma,20260526,8.48101265822785,1.0345432758331299,1.0238606929779053,0.00975021068006754,0.000244140625
linear_gamma,20260526,8.734177215189874,1.039707064628601,1.028494954109192,0.01054807472974062,0.0
linear_gamma,20260526,8.9873417721519,1.0126290321350098,1.003737449645996,0.010266214609146118,0.0
linear_gamma,20260526,9.240506329113927,1.0217738151550293,1.0142654180526733,0.009722735732793808,0.0
linear_gamma,20260526,9.49367088607595,0.9998793601989746,0.9860867261886597,0.009419326670467854,0.0
linear_gamma,20260526,9.746835443037977,1.0434069633483887,1.0333423614501953,0.009873918257653713,0.0
linear_gamma,20260526,10.0,1.0330411195755005,1.021850347518921,0.010151206515729427,0.0
hang_laplace_lambda_b0.5,20260526,-10.0,0.0781196653842926,0.00019319771672599018,0.07782550901174545,0.50634765625
hang_laplace_lambda_b0.5,20260526,-9.746835443037975,0.10714462399482727,0.00025033255224116147,0.10712134838104248,0.49365234375
hang_laplace_lambda_b0.5,20260526,-9.49367088607595,0.0911693200469017,0.00032214366365224123,0.09078079462051392,0.505859375
hang_laplace_lambda_b0.5,20260526,-9.240506329113924,0.06790857762098312,0.0004114301409572363,0.0673719123005867,0.509765625
hang_laplace_lambda_b0.5,20260526,-8.987341772151899,0.10154983401298523,0.0005365835386328399,0.10111060738563538,0.500732421875
hang_laplace_lambda_b0.5,20260526,-8.734177215189874,0.1143336147069931,0.0006852941587567329,0.11328763514757156,0.51416015625
hang_laplace_lambda_b0.5,20260526,-8.481012658227847,0.08750977367162704,0.0008854884654283524,0.08660440891981125,0.503662109375
hang_laplace_lambda_b0.5,20260526,-8.227848101265822,0.09077143669128418,0.0011233463883399963,0.08947056531906128,0.505126953125
hang_laplace_lambda_b0.5,20260526,-7.974683544303797,0.06686332821846008,0.0014752792194485664,0.06547236442565918,0.519287109375
hang_laplace_lambda_b0.5,20260526,-7.7215189873417724,0.04791218042373657,0.0018966968636959791,0.046174176037311554,0.5185546875
hang_laplace_lambda_b0.5,20260526,-7.468354430379747,0.05106334015727043,0.002397280652076006,0.048379406332969666,0.52490234375
hang_laplace_lambda_b0.5,20260526,-7.215189873417721,0.05967559665441513,0.003098171902820468,0.0553191676735878,0.541259765625
hang_laplace_lambda_b0.5,20260526,-6.962025316455696,0.05537844076752663,0.0039658271707594395,0.05090799182653427,0.530517578125
hang_laplace_lambda_b0.5,20260526,-6.708860759493671,0.06413671374320984,0.005119195207953453,0.05951351672410965,0.52001953125
hang_laplace_lambda_b0.5,20260526,-6.455696202531645,0.07339692115783691,0.006548683159053326,0.06661882251501083,0.52978515625
hang_laplace_lambda_b0.5,20260526,-6.20253164556962,0.06441916525363922,0.0084298737347126,0.05540415644645691,0.538330078125
hang_laplace_lambda_b0.5,20260526,-5.949367088607595,0.08119285851716995,0.0107512716203928,0.07117924839258194,0.52392578125
hang_laplace_lambda_b0.5,20260526,-5.69620253164557,0.11565621942281723,0.014069736003875732,0.10286691039800644,0.5126953125
hang_laplace_lambda_b0.5,20260526,-5.443037974683544,0.09927231073379517,0.018004141747951508,0.08231745660305023,0.518310546875
hang_laplace_lambda_b0.5,20260526,-5.189873417721518,0.09792660176753998,0.023198742419481277,0.07382026314735413,0.526123046875
hang_laplace_lambda_b0.5,20260526,-4.936708860759493,0.08947679400444031,0.029673168435692787,0.05924930423498154,0.50439453125
hang_laplace_lambda_b0.5,20260526,-4.6835443037974684,0.05666203796863556,0.0381615050137043,0.01964413747191429,0.489013671875
hang_laplace_lambda_b0.5,20260526,-4.430379746835443,0.05897556245326996,0.048393070697784424,0.01051640696823597,0.5009765625
hang_laplace_lambda_b0.5,20260526,-4.177215189873417,0.07379965484142303,0.06101946532726288,0.011396599002182484,0.503173828125
hang_laplace_lambda_b0.5,20260526,-3.924050632911392,0.0831969603896141,0.07711698114871979,0.005691537633538246,0.484375
hang_laplace_lambda_b0.5,20260526,-3.670886075949367,0.10164257138967514,0.09614090621471405,0.0062169586308300495,0.45361328125
hang_laplace_lambda_b0.5,20260526,-3.4177215189873413,0.13068008422851562,0.12019933015108109,0.009837315417826176,0.4462890625
hang_laplace_lambda_b0.5,20260526,-3.1645569620253156,0.15870437026023865,0.150800421833992,0.006639636121690273,0.374267578125
hang_laplace_lambda_b0.5,20260526,-2.9113924050632907,0.1884562373161316,0.18567615747451782,0.0033546348568052053,0.314453125
hang_laplace_lambda_b0.5,20260526,-2.6582278481012658,0.2354372888803482,0.2300843894481659,0.0055467006750404835,0.3037109375
hang_laplace_lambda_b0.5,20260526,-2.40506329113924,0.27339357137680054,0.2682875692844391,0.004540374502539635,0.261962890625
hang_laplace_lambda_b0.5,20260526,-2.1518987341772142,0.3285401463508606,0.3265264630317688,0.002764847595244646,0.24658203125
hang_laplace_lambda_b0.5,20260526,-1.8987341772151893,0.37702977657318115,0.37137240171432495,0.003459274535998702,0.223876953125
hang_laplace_lambda_b0.5,20260526,-1.6455696202531644,0.43577882647514343,0.4329105019569397,0.00237466162070632,0.199462890625
hang_laplace_lambda_b0.5,20260526,-1.3924050632911396,0.47036460041999817,0.4691861569881439,0.0008750989800319076,0.16845703125
hang_laplace_lambda_b0.5,20260526,-1.139240506329113,0.5304065942764282,0.5297044515609741,0.0006938552833162248,0.150390625
hang_laplace_lambda_b0.5,20260526,-0.886075949367088,0.5313615798950195,0.5310482978820801,0.0005863317055627704,0.110595703125
hang_laplace_lambda_b0.5,20260526,-0.6329113924050631,0.5469069480895996,0.5457228422164917,0.0017945641884580255,0.0908203125
hang_laplace_lambda_b0.5,20260526,-0.37974683544303645,0.5526461005210876,0.5525392293930054,0.0008618759457021952,0.066162109375
hang_laplace_lambda_b0.5,20260526,-0.12658227848101156,0.5269405245780945,0.525878369808197,0.0003055535489693284,0.05029296875
hang_laplace_lambda_b0.5,20260526,0.12658227848101333,0.5176806449890137,0.5132825374603271,0.002092877635732293,0.036865234375
hang_laplace_lambda_b0.5,20260526,0.3797468354430382,0.41557401418685913,0.4142392575740814,0.001612406806088984,0.0146484375
hang_laplace_lambda_b0.5,20260526,0.6329113924050631,0.4548216462135315,0.45285284519195557,0.002338048769161105,0.010498046875
hang_laplace_lambda_b0.5,20260526,0.8860759493670898,0.46355849504470825,0.45867374539375305,0.004563697148114443,0.006591796875
hang_laplace_lambda_b0.5,20260526,1.1392405063291147,0.509355366230011,0.5040626525878906,0.006274235900491476,0.006103515625
hang_laplace_lambda_b0.5,20260526,1.3924050632911396,0.5504442453384399,0.54852694272995,0.008342519402503967,0.003173828125
hang_laplace_lambda_b0.5,20260526,1.6455696202531662,0.6138017177581787,0.6051807403564453,0.010178076103329659,0.001953125
hang_laplace_lambda_b0.5,20260526,1.898734177215191,0.644904613494873,0.6273180842399597,0.015227061696350574,0.00048828125
hang_laplace_lambda_b0.5,20260526,2.151898734177216,0.7049496173858643,0.683350145816803,0.01616656593978405,0.000732421875
hang_laplace_lambda_b0.5,20260526,2.405063291139241,0.7417281270027161,0.7208199501037598,0.016260210424661636,0.000244140625
hang_laplace_lambda_b0.5,20260526,2.6582278481012658,0.7672715783119202,0.7533317804336548,0.011713491752743721,0.000244140625
hang_laplace_lambda_b0.5,20260526,2.9113924050632924,0.8536290526390076,0.8465074896812439,0.011057430878281593,0.000244140625
hang_laplace_lambda_b0.5,20260526,3.1645569620253173,0.8576553463935852,0.841200590133667,0.01630469784140587,0.0
hang_laplace_lambda_b0.5,20260526,3.417721518987342,0.9041937589645386,0.8750766515731812,0.021648526191711426,0.0
hang_laplace_lambda_b0.5,20260526,3.670886075949369,0.9300993084907532,0.9051538109779358,0.025976356118917465,0.0
hang_laplace_lambda_b0.5,20260526,3.9240506329113938,0.9612873792648315,0.9345741271972656,0.030631639063358307,0.0
hang_laplace_lambda_b0.5,20260526,4.177215189873419,0.9660778641700745,0.9260532259941101,0.03972526639699936,0.0
hang_laplace_lambda_b0.5,20260526,4.4303797468354436,1.0081205368041992,0.9463679790496826,0.05508900433778763,0.0
hang_laplace_lambda_b0.5,20260526,4.6835443037974684,1.0208020210266113,0.9666179418563843,0.06177183613181114,0.0
hang_laplace_lambda_b0.5,20260526,4.936708860759495,1.020220160484314,0.9581873416900635,0.06494687497615814,0.000244140625
hang_laplace_lambda_b0.5,20260526,5.18987341772152,1.0327484607696533,0.9956024885177612,0.05960194021463394,0.0
hang_laplace_lambda_b0.5,20260526,5.443037974683545,0.9826170802116394,0.9320111274719238,0.05498375743627548,0.0
hang_laplace_lambda_b0.5,20260526,5.6962025316455716,1.002652645111084,0.9512332677841187,0.05260627716779709,0.0
hang_laplace_lambda_b0.5,20260526,5.949367088607596,1.027348279953003,0.9864608645439148,0.05491986870765686,0.0
hang_laplace_lambda_b0.5,20260526,6.202531645569621,1.066698670387268,1.0108375549316406,0.06551887094974518,0.0
hang_laplace_lambda_b0.5,20260526,6.455696202531648,1.0737402439117432,0.9870278239250183,0.07556997239589691,0.000244140625
hang_laplace_lambda_b0.5,20260526,6.708860759493671,1.0585485696792603,0.9825130701065063,0.08062165975570679,0.0
hang_laplace_lambda_b0.5,20260526,6.962025316455698,1.0506902933120728,0.9710146188735962,0.08747471868991852,0.0
hang_laplace_lambda_b0.5,20260526,7.215189873417721,1.0570068359375,0.9697163701057434,0.0936335027217865,0.0
hang_laplace_lambda_b0.5,20260526,7.4683544303797476,1.0912936925888062,0.9861644506454468,0.10776852071285248,0.0
hang_laplace_lambda_b0.5,20260526,7.721518987341774,1.0665969848632812,0.9582132697105408,0.11329476535320282,0.0
hang_laplace_lambda_b0.5,20260526,7.974683544303797,1.1163244247436523,1.006131649017334,0.11456195265054703,0.00048828125
hang_laplace_lambda_b0.5,20260526,8.227848101265824,1.104966402053833,1.0150140523910522,0.10510554164648056,0.0
hang_laplace_lambda_b0.5,20260526,8.48101265822785,1.1176459789276123,1.0238606929779053,0.08587188273668289,0.000244140625
hang_laplace_lambda_b0.5,20260526,8.734177215189874,1.101757287979126,1.028494954109192,0.07210370898246765,0.0
hang_laplace_lambda_b0.5,20260526,8.9873417721519,1.0775341987609863,1.003737449645996,0.06613586097955704,0.0
hang_laplace_lambda_b0.5,20260526,9.240506329113927,1.0663014650344849,1.0142654180526733,0.06329649686813354,0.0
hang_laplace_lambda_b0.5,20260526,9.49367088607595,1.0648224353790283,0.9860867261886597,0.0660342201590538,0.0
hang_laplace_lambda_b0.5,20260526,9.746835443037977,1.0776193141937256,1.0333423614501953,0.058909498155117035,0.0
hang_laplace_lambda_b0.5,20260526,10.0,1.0699098110198975,1.021850347518921,0.053742870688438416,0.0
dmsr_normal_wide_s1.5,20260526,-10.0,0.06032169237732887,0.00019319771672599018,0.060050562024116516,0.502685546875
dmsr_normal_wide_s1.5,20260526,-9.746835443037975,0.06655456870794296,0.00025033255224116147,0.06611282378435135,0.511474609375
dmsr_normal_wide_s1.5,20260526,-9.49367088607595,0.06882737576961517,0.00032214366365224123,0.06849426031112671,0.499755859375
dmsr_normal_wide_s1.5,20260526,-9.240506329113924,0.07250230759382248,0.0004114301409572363,0.07223384827375412,0.492431640625
dmsr_normal_wide_s1.5,20260526,-8.987341772151899,0.08377661556005478,0.0005365835386328399,0.08330778777599335,0.501708984375
dmsr_normal_wide_s1.5,20260526,-8.734177215189874,0.09728050976991653,0.0006852941587567329,0.09709233045578003,0.482177734375
dmsr_normal_wide_s1.5,20260526,-8.481012658227847,0.10830320417881012,0.0008854884654283524,0.10731647908687592,0.502685546875
dmsr_normal_wide_s1.5,20260526,-8.227848101265822,0.12752088904380798,0.0011233463883399963,0.12640750408172607,0.499267578125
dmsr_normal_wide_s1.5,20260526,-7.974683544303797,0.12983255088329315,0.0014752792194485664,0.12849849462509155,0.497802734375
dmsr_normal_wide_s1.5,20260526,-7.7215189873417724,0.11449869722127914,0.0018966968636959791,0.1130734458565712,0.4931640625
dmsr_normal_wide_s1.5,20260526,-7.468354430379747,0.1071598008275032,0.002397280652076006,0.10449925065040588,0.503662109375
dmsr_normal_wide_s1.5,20260526,-7.215189873417721,0.09537006169557571,0.003098171902820468,0.09206614643335342,0.4990234375
dmsr_normal_wide_s1.5,20260526,-6.962025316455696,0.06528543680906296,0.0039658271707594395,0.062321487814188004,0.482421875
dmsr_normal_wide_s1.5,20260526,-6.708860759493671,0.053442832082509995,0.005119195207953453,0.048562243580818176,0.497802734375
dmsr_normal_wide_s1.5,20260526,-6.455696202531645,0.03907262533903122,0.006548683159053326,0.03309856727719307,0.489013671875
dmsr_normal_wide_s1.5,20260526,-6.20253164556962,0.022848669439554214,0.0084298737347126,0.014444541186094284,0.51806640625
dmsr_normal_wide_s1.5,20260526,-5.949367088607595,0.023229680955410004,0.0107512716203928,0.01259214524179697,0.53857421875
dmsr_normal_wide_s1.5,20260526,-5.69620253164557,0.029965482652187347,0.014069736003875732,0.016544854268431664,0.533203125
dmsr_normal_wide_s1.5,20260526,-5.443037974683544,0.03309275954961777,0.018004141747951508,0.015543799847364426,0.54736328125
dmsr_normal_wide_s1.5,20260526,-5.189873417721518,0.04118480533361435,0.023198742419481277,0.018338510766625404,0.54296875
dmsr_normal_wide_s1.5,20260526,-4.936708860759493,0.04186677932739258,0.029673168435692787,0.011840121820569038,0.572998046875
dmsr_normal_wide_s1.5,20260526,-4.6835443037974684,0.04326024651527405,0.0381615050137043,0.005455181002616882,0.52099609375
dmsr_normal_wide_s1.5,20260526,-4.430379746835443,0.054831236600875854,0.048393070697784424,0.006322839297354221,0.5009765625
dmsr_normal_wide_s1.5,20260526,-4.177215189873417,0.06564261764287949,0.06101946532726288,0.0037415502592921257,0.509765625
dmsr_normal_wide_s1.5,20260526,-3.924050632911392,0.07994616031646729,0.07711698114871979,0.0026851044967770576,0.38232421875
dmsr_normal_wide_s1.5,20260526,-3.670886075949367,0.1006503626704216,0.09614090621471405,0.005128898657858372,0.4423828125
dmsr_normal_wide_s1.5,20260526,-3.4177215189873413,0.12354741990566254,0.12019933015108109,0.0028545570094138384,0.353515625
dmsr_normal_wide_s1.5,20260526,-3.1645569620253156,0.15232397615909576,0.150800421833992,0.0015416763490065932,0.340087890625
dmsr_normal_wide_s1.5,20260526,-2.9113924050632907,0.18706752359867096,0.18567615747451782,0.0015754952328279614,0.3193359375
dmsr_normal_wide_s1.5,20260526,-2.6582278481012658,0.23303565382957458,0.2300843894481659,0.0027209576219320297,0.3046875
dmsr_normal_wide_s1.5,20260526,-2.40506329113924,0.27096402645111084,0.2682875692844391,0.0027057682164013386,0.263427734375
dmsr_normal_wide_s1.5,20260526,-2.1518987341772142,0.3284364938735962,0.3265264630317688,0.00234262365847826,0.24755859375
dmsr_normal_wide_s1.5,20260526,-1.8987341772151893,0.3760395050048828,0.37137240171432495,0.003555919975042343,0.22509765625
dmsr_normal_wide_s1.5,20260526,-1.6455696202531644,0.43574047088623047,0.4329105019569397,0.001917096902616322,0.19970703125
dmsr_normal_wide_s1.5,20260526,-1.3924050632911396,0.4709230363368988,0.4691861569881439,0.0012877476401627064,0.166748046875
dmsr_normal_wide_s1.5,20260526,-1.139240506329113,0.5311972498893738,0.5297044515609741,0.0015385908773168921,0.150390625
dmsr_normal_wide_s1.5,20260526,-0.886075949367088,0.5331984162330627,0.5310482978820801,0.0021589379757642746,0.109619140625
dmsr_normal_wide_s1.5,20260526,-0.6329113924050631,0.5462855696678162,0.5457228422164917,0.0008920998079702258,0.089111328125
dmsr_normal_wide_s1.5,20260526,-0.37974683544303645,0.5539373755455017,0.5525392293930054,0.0014052342157810926,0.06591796875
dmsr_normal_wide_s1.5,20260526,-0.12658227848101156,0.5269606709480286,0.525878369808197,0.00216070469468832,0.05029296875
dmsr_normal_wide_s1.5,20260526,0.12658227848101333,0.5174744725227356,0.5132825374603271,0.003995857201516628,0.03759765625
dmsr_normal_wide_s1.5,20260526,0.3797468354430382,0.4153253436088562,0.4142392575740814,0.0016416369471699,0.01513671875
dmsr_normal_wide_s1.5,20260526,0.6329113924050631,0.4541449546813965,0.45285284519195557,0.0024363920092582703,0.01025390625
dmsr_normal_wide_s1.5,20260526,0.8860759493670898,0.4625680446624756,0.45867374539375305,0.004326975904405117,0.006591796875
dmsr_normal_wide_s1.5,20260526,1.1392405063291147,0.5076237320899963,0.5040626525878906,0.0034227983560413122,0.006103515625
dmsr_normal_wide_s1.5,20260526,1.3924050632911396,0.5524907112121582,0.54852694272995,0.003798250574618578,0.003662109375
dmsr_normal_wide_s1.5,20260526,1.6455696202531662,0.6106772422790527,0.6051807403564453,0.009079547598958015,0.001953125
dmsr_normal_wide_s1.5,20260526,1.898734177215191,0.6358705163002014,0.6273180842399597,0.006672712974250317,0.00048828125
dmsr_normal_wide_s1.5,20260526,2.151898734177216,0.6889075636863708,0.683350145816803,0.005355751141905785,0.000732421875
dmsr_normal_wide_s1.5,20260526,2.405063291139241,0.728192925453186,0.7208199501037598,0.004712311085313559,0.000244140625
dmsr_normal_wide_s1.5,20260526,2.6582278481012658,0.7569065690040588,0.7533317804336548,0.0031681933905929327,0.000244140625
dmsr_normal_wide_s1.5,20260526,2.9113924050632924,0.8473053574562073,0.8465074896812439,0.0033306351397186518,0.000244140625
dmsr_normal_wide_s1.5,20260526,3.1645569620253173,0.846149742603302,0.841200590133667,0.0055124759674072266,0.0
dmsr_normal_wide_s1.5,20260526,3.417721518987342,0.8826428651809692,0.8750766515731812,0.005350263323634863,0.0
dmsr_normal_wide_s1.5,20260526,3.670886075949369,0.9077314138412476,0.9051538109779358,0.0028337258845567703,0.0
dmsr_normal_wide_s1.5,20260526,3.9240506329113938,0.9360353946685791,0.9345741271972656,0.002684658858925104,0.0
dmsr_normal_wide_s1.5,20260526,4.177215189873419,0.92767333984375,0.9260532259941101,0.0024120754096657038,0.0
dmsr_normal_wide_s1.5,20260526,4.4303797468354436,0.9463227987289429,0.9463679790496826,0.0012306903954595327,0.0
dmsr_normal_wide_s1.5,20260526,4.6835443037974684,0.9681239128112793,0.9666179418563843,0.002201236318796873,0.0
dmsr_normal_wide_s1.5,20260526,4.936708860759495,0.9610031843185425,0.9581873416900635,0.0033148382790386677,0.000244140625
dmsr_normal_wide_s1.5,20260526,5.18987341772152,0.9948794841766357,0.9956024885177612,0.0024803399574011564,0.0
dmsr_normal_wide_s1.5,20260526,5.443037974683545,0.9341751337051392,0.9320111274719238,0.0026319457683712244,0.0
dmsr_normal_wide_s1.5,20260526,5.6962025316455716,0.9543470740318298,0.9512332677841187,0.002934479620307684,0.0
dmsr_normal_wide_s1.5,20260526,5.949367088607596,0.9889339208602905,0.9864608645439148,0.005013730376958847,0.0
dmsr_normal_wide_s1.5,20260526,6.202531645569621,1.0160589218139648,1.0108375549316406,0.0075255646370351315,0.0
dmsr_normal_wide_s1.5,20260526,6.455696202531648,0.9960593581199646,0.9870278239250183,0.009472019039094448,0.000244140625
dmsr_normal_wide_s1.5,20260526,6.708860759493671,0.9923030138015747,0.9825130701065063,0.01556822843849659,0.0
dmsr_normal_wide_s1.5,20260526,6.962025316455698,0.9942876100540161,0.9710146188735962,0.020607832819223404,0.0
dmsr_normal_wide_s1.5,20260526,7.215189873417721,0.9886186122894287,0.9697163701057434,0.02087147906422615,0.0
dmsr_normal_wide_s1.5,20260526,7.4683544303797476,1.008976697921753,0.9861644506454468,0.026893554255366325,0.0
dmsr_normal_wide_s1.5,20260526,7.721518987341774,0.9909881949424744,0.9582132697105408,0.02999464049935341,0.0
dmsr_normal_wide_s1.5,20260526,7.974683544303797,1.039215326309204,1.006131649017334,0.029369283467531204,0.00048828125
dmsr_normal_wide_s1.5,20260526,8.227848101265824,1.0447702407836914,1.0150140523910522,0.032179396599531174,0.0
dmsr_normal_wide_s1.5,20260526,8.48101265822785,1.0637019872665405,1.0238606929779053,0.03575102239847183,0.000244140625
dmsr_normal_wide_s1.5,20260526,8.734177215189874,1.0569348335266113,1.028494954109192,0.030553918331861496,0.0
dmsr_normal_wide_s1.5,20260526,8.9873417721519,1.0347979068756104,1.003737449645996,0.033436134457588196,0.0
dmsr_normal_wide_s1.5,20260526,9.240506329113927,1.041959285736084,1.0142654180526733,0.03488630801439285,0.0
dmsr_normal_wide_s1.5,20260526,9.49367088607595,1.0279743671417236,0.9860867261886597,0.03197406977415085,0.0
dmsr_normal_wide_s1.5,20260526,9.746835443037977,1.0584444999694824,1.0333423614501953,0.03329729288816452,0.0
dmsr_normal_wide_s1.5,20260526,10.0,1.0554598569869995,1.021850347518921,0.037478990852832794,0.0
dmsr_normal_mid_s0.8,20260526,-10.0,3.911292791366577,0.00019319771672599018,3.910922050476074,0.502685546875
dmsr_normal_mid_s0.8,20260526,-9.746835443037975,3.963696002960205,0.00025033255224116147,3.961871862411499,0.511474609375
dmsr_normal_mid_s0.8,20260526,-9.49367088607595,3.5377321243286133,0.00032214366365224123,3.5379409790039062,0.499755859375
dmsr_normal_mid_s0.8,20260526,-9.240506329113924,3.446499824523926,0.0004114301409572363,3.446864366531372,0.492431640625
dmsr_normal_mid_s0.8,20260526,-8.987341772151899,3.4766252040863037,0.0005365835386328399,3.4754421710968018,0.501708984375
dmsr_normal_mid_s0.8,20260526,-8.734177215189874,2.9493560791015625,0.0006852941587567329,2.9519882202148438,0.482177734375
dmsr_normal_mid_s0.8,20260526,-8.481012658227847,2.8353700637817383,0.0008854884654283524,2.8329153060913086,0.502685546875
dmsr_normal_mid_s0.8,20260526,-8.227848101265822,3.014477491378784,0.0011233463883399963,3.013085126876831,0.499267578125
dmsr_normal_mid_s0.8,20260526,-7.974683544303797,2.7826409339904785,0.0014752792194485664,2.7817420959472656,0.497802734375
dmsr_normal_mid_s0.8,20260526,-7.7215189873417724,2.8018150329589844,0.0018966968636959791,2.7997264862060547,0.4931640625
dmsr_normal_mid_s0.8,20260526,-7.468354430379747,2.9787540435791016,0.002397280652076006,2.974998950958252,0.503662109375
dmsr_normal_mid_s0.8,20260526,-7.215189873417721,2.5403013229370117,0.003098171902820468,2.538545608520508,0.4990234375
dmsr_normal_mid_s0.8,20260526,-6.962025316455696,2.1673924922943115,0.0039658271707594395,2.170525074005127,0.482421875
dmsr_normal_mid_s0.8,20260526,-6.708860759493671,1.9517905712127686,0.005119195207953453,1.947746992111206,0.497802734375
dmsr_normal_mid_s0.8,20260526,-6.455696202531645,1.5357084274291992,0.006548683159053326,1.5304858684539795,0.489013671875
dmsr_normal_mid_s0.8,20260526,-6.20253164556962,1.0855655670166016,0.0084298737347126,1.0805885791778564,0.494140625
dmsr_normal_mid_s0.8,20260526,-5.949367088607595,0.9270214438438416,0.0107512716203928,0.912359893321991,0.509765625
dmsr_normal_mid_s0.8,20260526,-5.69620253164557,0.6504444479942322,0.014069736003875732,0.6362302303314209,0.515380859375
dmsr_normal_mid_s0.8,20260526,-5.443037974683544,0.409690260887146,0.018004141747951508,0.39177143573760986,0.52978515625
dmsr_normal_mid_s0.8,20260526,-5.189873417721518,0.38912591338157654,0.023198742419481277,0.36824509501457214,0.51318359375
dmsr_normal_mid_s0.8,20260526,-4.936708860759493,0.37135806679725647,0.029673168435692787,0.33764874935150146,0.533447265625
dmsr_normal_mid_s0.8,20260526,-4.6835443037974684,0.3171499967575073,0.0381615050137043,0.27670255303382874,0.5341796875
dmsr_normal_mid_s0.8,20260526,-4.430379746835443,0.3881911039352417,0.048393070697784424,0.3412353992462158,0.495849609375
dmsr_normal_mid_s0.8,20260526,-4.177215189873417,0.4012092649936676,0.06101946532726288,0.34082645177841187,0.472412109375
dmsr_normal_mid_s0.8,20260526,-3.924050632911392,0.3210415244102478,0.07711698114871979,0.2482479214668274,0.452392578125
dmsr_normal_mid_s0.8,20260526,-3.670886075949367,0.3285457193851471,0.09614090621471405,0.22991663217544556,0.4580078125
dmsr_normal_mid_s0.8,20260526,-3.4177215189873413,0.31804776191711426,0.12019933015108109,0.20023804903030396,0.425048828125
dmsr_normal_mid_s0.8,20260526,-3.1645569620253156,0.25175315141677856,0.150800421833992,0.1059664934873581,0.400634765625
dmsr_normal_mid_s0.8,20260526,-2.9113924050632907,0.28710904717445374,0.18567615747451782,0.09393313527107239,0.396240234375
dmsr_normal_mid_s0.8,20260526,-2.6582278481012658,0.30570968985557556,0.2300843894481659,0.07493411749601364,0.35498046875
dmsr_normal_mid_s0.8,20260526,-2.40506329113924,0.2881154716014862,0.2682875692844391,0.019146956503391266,0.286865234375
dmsr_normal_mid_s0.8,20260526,-2.1518987341772142,0.34230732917785645,0.3265264630317688,0.014091528952121735,0.264892578125
dmsr_normal_mid_s0.8,20260526,-1.8987341772151893,0.38215768337249756,0.37137240171432495,0.009873620234429836,0.23291015625
dmsr_normal_mid_s0.8,20260526,-1.6455696202531644,0.4382915794849396,0.4329105019569397,0.004867101088166237,0.19921875
dmsr_normal_mid_s0.8,20260526,-1.3924050632911396,0.47765958309173584,0.4691861569881439,0.007705344818532467,0.171630859375
dmsr_normal_mid_s0.8,20260526,-1.139240506329113,0.5345610976219177,0.5297044515609741,0.008293443359434605,0.15087890625
dmsr_normal_mid_s0.8,20260526,-0.886075949367088,0.5336034297943115,0.5310482978820801,0.0033480641432106495,0.109375
dmsr_normal_mid_s0.8,20260526,-0.6329113924050631,0.5498471260070801,0.5457228422164917,0.0017603465821594,0.09033203125
dmsr_normal_mid_s0.8,20260526,-0.37974683544303645,0.5528627038002014,0.5525392293930054,0.0007304474129341543,0.06689453125
dmsr_normal_mid_s0.8,20260526,-0.12658227848101156,0.5274812579154968,0.525878369808197,0.001021674950607121,0.0498046875
dmsr_normal_mid_s0.8,20260526,0.12658227848101333,0.5133892893791199,0.5132825374603271,0.0009763760026544333,0.037353515625
dmsr_normal_mid_s0.8,20260526,0.3797468354430382,0.4170566201210022,0.4142392575740814,0.0021763555705547333,0.014892578125
dmsr_normal_mid_s0.8,20260526,0.6329113924050631,0.4549601674079895,0.45285284519195557,0.002097792224958539,0.010498046875
dmsr_normal_mid_s0.8,20260526,0.8860759493670898,0.4603685736656189,0.45867374539375305,0.003694928716868162,0.00634765625
dmsr_normal_mid_s0.8,20260526,1.1392405063291147,0.5090960264205933,0.5040626525878906,0.004620835185050964,0.005859375
dmsr_normal_mid_s0.8,20260526,1.3924050632911396,0.5514369606971741,0.54852694272995,0.00479329377412796,0.00341796875
dmsr_normal_mid_s0.8,20260526,1.6455696202531662,0.6050114035606384,0.6051807403564453,0.0026587420143187046,0.001953125
dmsr_normal_mid_s0.8,20260526,1.898734177215191,0.6333778500556946,0.6273180842399597,0.004225745797157288,0.00048828125
dmsr_normal_mid_s0.8,20260526,2.151898734177216,0.6889565587043762,0.683350145816803,0.005325955338776112,0.00048828125
dmsr_normal_mid_s0.8,20260526,2.405063291139241,0.7250269651412964,0.7208199501037598,0.0024539995938539505,0.000244140625
dmsr_normal_mid_s0.8,20260526,2.6582278481012658,0.756985068321228,0.7533317804336548,0.003133803140372038,0.000244140625
dmsr_normal_mid_s0.8,20260526,2.9113924050632924,0.8486241102218628,0.8465074896812439,0.00459001399576664,0.000244140625
dmsr_normal_mid_s0.8,20260526,3.1645569620253173,0.8450300693511963,0.841200590133667,0.003578715492039919,0.0
dmsr_normal_mid_s0.8,20260526,3.417721518987342,0.8861766457557678,0.8750766515731812,0.007070591673254967,0.0
dmsr_normal_mid_s0.8,20260526,3.670886075949369,0.9161601662635803,0.9051538109779358,0.011592206545174122,0.0
dmsr_normal_mid_s0.8,20260526,3.9240506329113938,0.9474660158157349,0.9345741271972656,0.015503890812397003,0.0
dmsr_normal_mid_s0.8,20260526,4.177215189873419,0.949655294418335,0.9260532259941101,0.024144068360328674,0.0
dmsr_normal_mid_s0.8,20260526,4.4303797468354436,0.9813188314437866,0.9463679790496826,0.027474673464894295,0.0
dmsr_normal_mid_s0.8,20260526,4.6835443037974684,0.9948770999908447,0.9666179418563843,0.0331265889108181,0.0
dmsr_normal_mid_s0.8,20260526,4.936708860759495,0.9990226626396179,0.9581873416900635,0.042491234838962555,0.000244140625
dmsr_normal_mid_s0.8,20260526,5.18987341772152,1.0200412273406982,0.9956024885177612,0.04291351139545441,0.0
dmsr_normal_mid_s0.8,20260526,5.443037974683545,0.9673570990562439,0.9320111274719238,0.04385295882821083,0.0
dmsr_normal_mid_s0.8,20260526,5.6962025316455716,0.9892752170562744,0.9512332677841187,0.04239876568317413,0.0
dmsr_normal_mid_s0.8,20260526,5.949367088607596,1.0236378908157349,0.9864608645439148,0.042605966329574585,0.0
dmsr_normal_mid_s0.8,20260526,6.202531645569621,1.0510447025299072,1.0108375549316406,0.047465916723012924,0.0
dmsr_normal_mid_s0.8,20260526,6.455696202531648,1.0400447845458984,0.9870278239250183,0.04886762052774429,0.000244140625
dmsr_normal_mid_s0.8,20260526,6.708860759493671,1.0334957838058472,0.9825130701065063,0.05894644558429718,0.0
dmsr_normal_mid_s0.8,20260526,6.962025316455698,1.02317214012146,0.9710146188735962,0.05494637042284012,0.0
dmsr_normal_mid_s0.8,20260526,7.215189873417721,1.0100922584533691,0.9697163701057434,0.04502682387828827,0.0
dmsr_normal_mid_s0.8,20260526,7.4683544303797476,1.036774754524231,0.9861644506454468,0.0543552041053772,0.0
dmsr_normal_mid_s0.8,20260526,7.721518987341774,1.0141059160232544,0.9582132697105408,0.056370124220848083,0.0
dmsr_normal_mid_s0.8,20260526,7.974683544303797,1.062191128730774,1.006131649017334,0.05406075716018677,0.00048828125
dmsr_normal_mid_s0.8,20260526,8.227848101265824,1.0632915496826172,1.0150140523910522,0.05610833689570427,0.0
dmsr_normal_mid_s0.8,20260526,8.48101265822785,1.0848931074142456,1.0238606929779053,0.0535697415471077,0.000244140625
dmsr_normal_mid_s0.8,20260526,8.734177215189874,1.072615385055542,1.028494954109192,0.0435863733291626,0.0
dmsr_normal_mid_s0.8,20260526,8.9873417721519,1.0560026168823242,1.003737449645996,0.04987499862909317,0.0
dmsr_normal_mid_s0.8,20260526,9.240506329113927,1.0634384155273438,1.0142654180526733,0.06135345250368118,0.0
dmsr_normal_mid_s0.8,20260526,9.49367088607595,1.0639417171478271,0.9860867261886597,0.060398537665605545,0.0
dmsr_normal_mid_s0.8,20260526,9.746835443037977,1.0770525932312012,1.0333423614501953,0.056265298277139664,0.0
dmsr_normal_mid_s0.8,20260526,10.0,1.0761631727218628,1.021850347518921,0.05870470777153969,0.0
dmsr_normal_narrow_s0.3,20260526,-10.0,0.7727404236793518,0.00019319771672599018,0.7727792263031006,0.497314453125
dmsr_normal_narrow_s0.3,20260526,-9.746835443037975,0.7716399431228638,0.00025033255224116147,0.7720437049865723,0.488525390625
dmsr_normal_narrow_s0.3,20260526,-9.49367088607595,0.8287588953971863,0.00032214366365224123,0.828342854976654,0.5
dmsr_normal_narrow_s0.3,20260526,-9.240506329113924,0.729304850101471,0.0004114301409572363,0.7285488843917847,0.507568359375
dmsr_normal_narrow_s0.3,20260526,-8.987341772151899,0.6783214807510376,0.0005365835386328399,0.6779712438583374,0.498291015625
dmsr_normal_narrow_s0.3,20260526,-8.734177215189874,0.6813099980354309,0.0006852941587567329,0.6789972186088562,0.517822265625
dmsr_normal_narrow_s0.3,20260526,-8.481012658227847,0.6019595861434937,0.0008854884654283524,0.6016937494277954,0.497314453125
dmsr_normal_narrow_s0.3,20260526,-8.227848101265822,0.5548055768013,0.0011233463883399963,0.5536973476409912,0.500732421875
dmsr_normal_narrow_s0.3,20260526,-7.974683544303797,0.5305236577987671,0.0014752792194485664,0.5287492871284485,0.502197265625
dmsr_normal_narrow_s0.3,20260526,-7.7215189873417724,0.4626721739768982,0.0018966968636959791,0.4605404734611511,0.507080078125
dmsr_normal_narrow_s0.3,20260526,-7.468354430379747,0.4519820213317871,0.002397280652076006,0.45016953349113464,0.496337890625
dmsr_normal_narrow_s0.3,20260526,-7.215189873417721,0.43751266598701477,0.003098171902820468,0.43471869826316833,0.50048828125
dmsr_normal_narrow_s0.3,20260526,-6.962025316455696,0.4068339467048645,0.0039658271707594395,0.4003490209579468,0.517822265625
dmsr_normal_narrow_s0.3,20260526,-6.708860759493671,0.3525315523147583,0.005119195207953453,0.34660637378692627,0.5009765625
dmsr_normal_narrow_s0.3,20260526,-6.455696202531645,0.36257100105285645,0.006548683159053326,0.3548487424850464,0.509521484375
dmsr_normal_narrow_s0.3,20260526,-6.20253164556962,0.36897167563438416,0.0084298737347126,0.35917073488235474,0.49951171875
dmsr_normal_narrow_s0.3,20260526,-5.949367088607595,0.26704415678977966,0.0107512716203928,0.25804734230041504,0.485595703125
dmsr_normal_narrow_s0.3,20260526,-5.69620253164557,0.2149181067943573,0.014069736003875732,0.20065242052078247,0.483642578125
dmsr_normal_narrow_s0.3,20260526,-5.443037974683544,0.1836131513118744,0.018004141747951508,0.16524271667003632,0.4677734375
dmsr_normal_narrow_s0.3,20260526,-5.189873417721518,0.24741557240486145,0.023198742419481277,0.22134220600128174,0.4423828125
dmsr_normal_narrow_s0.3,20260526,-4.936708860759493,0.3037202060222626,0.029673168435692787,0.2762836217880249,0.423095703125
dmsr_normal_narrow_s0.3,20260526,-4.6835443037974684,0.3170921802520752,0.0381615050137043,0.2790607810020447,0.428466796875
dmsr_normal_narrow_s0.3,20260526,-4.430379746835443,0.27069520950317383,0.048393070697784424,0.22124773263931274,0.413330078125
dmsr_normal_narrow_s0.3,20260526,-4.177215189873417,0.23686483502388,0.06101946532726288,0.17830997705459595,0.39404296875
dmsr_normal_narrow_s0.3,20260526,-3.924050632911392,0.23470410704612732,0.07711698114871979,0.15862655639648438,0.390869140625
dmsr_normal_narrow_s0.3,20260526,-3.670886075949367,0.2334410846233368,0.09614090621471405,0.13714784383773804,0.381103515625
dmsr_normal_narrow_s0.3,20260526,-3.4177215189873413,0.2746155858039856,0.12019933015108109,0.15936554968357086,0.350341796875
dmsr_normal_narrow_s0.3,20260526,-3.1645569620253156,0.3180709779262543,0.150800421833992,0.16451400518417358,0.34375
dmsr_normal_narrow_s0.3,20260526,-2.9113924050632907,0.318854421377182,0.18567615747451782,0.14172625541687012,0.31884765625
dmsr_normal_narrow_s0.3,20260526,-2.6582278481012658,0.3843037784099579,0.2300843894481659,0.1504012644290924,0.305419921875
dmsr_normal_narrow_s0.3,20260526,-2.40506329113924,0.48061156272888184,0.2682875692844391,0.23343247175216675,0.2626953125
dmsr_normal_narrow_s0.3,20260526,-2.1518987341772142,0.6837406754493713,0.3265264630317688,0.3622497320175171,0.24853515625
dmsr_normal_narrow_s0.3,20260526,-1.8987341772151893,0.787966251373291,0.37137240171432495,0.39839988946914673,0.2236328125
dmsr_normal_narrow_s0.3,20260526,-1.6455696202531644,0.7974872589111328,0.4329105019569397,0.33700621128082275,0.197509765625
dmsr_normal_narrow_s0.3,20260526,-1.3924050632911396,0.6659361124038696,0.4691861569881439,0.199747696518898,0.165771484375
dmsr_normal_narrow_s0.3,20260526,-1.139240506329113,0.6007758975028992,0.5297044515609741,0.059082992374897,0.14794921875
dmsr_normal_narrow_s0.3,20260526,-0.886075949367088,0.5487367510795593,0.5310482978820801,0.022283168509602547,0.109375
dmsr_normal_narrow_s0.3,20260526,-0.6329113924050631,0.5610044002532959,0.5457228422164917,0.014306319877505302,0.090087890625
dmsr_normal_narrow_s0.3,20260526,-0.37974683544303645,0.5557265281677246,0.5525392293930054,0.0036297619808465242,0.065673828125
dmsr_normal_narrow_s0.3,20260526,-0.12658227848101156,0.5291861891746521,0.525878369808197,0.0024126158095896244,0.05029296875
dmsr_normal_narrow_s0.3,20260526,0.12658227848101333,0.5169782638549805,0.5132825374603271,0.0021927778143435717,0.036865234375
dmsr_normal_narrow_s0.3,20260526,0.3797468354430382,0.4176487326622009,0.4142392575740814,0.0013343244791030884,0.014404296875
dmsr_normal_narrow_s0.3,20260526,0.6329113924050631,0.45586130023002625,0.45285284519195557,0.0017140876734629273,0.01025390625
dmsr_normal_narrow_s0.3,20260526,0.8860759493670898,0.45895519852638245,0.45867374539375305,0.0019123327219858766,0.006591796875
dmsr_normal_narrow_s0.3,20260526,1.1392405063291147,0.5041214227676392,0.5040626525878906,0.0012048528296872973,0.005859375
dmsr_normal_narrow_s0.3,20260526,1.3924050632911396,0.5482062697410583,0.54852694272995,0.002449466148391366,0.00341796875
dmsr_normal_narrow_s0.3,20260526,1.6455696202531662,0.606075644493103,0.6051807403564453,0.003317604772746563,0.002197265625
dmsr_normal_narrow_s0.3,20260526,1.898734177215191,0.6470751762390137,0.6273180842399597,0.021742749959230423,0.000732421875
dmsr_normal_narrow_s0.3,20260526,2.151898734177216,0.7246999740600586,0.683350145816803,0.0523032508790493,0.00048828125
dmsr_normal_narrow_s0.3,20260526,2.405063291139241,0.7915948629379272,0.7208199501037598,0.07548626512289047,0.000244140625
dmsr_normal_narrow_s0.3,20260526,2.6582278481012658,0.873691976070404,0.7533317804336548,0.12254297733306885,0.000244140625
dmsr_normal_narrow_s0.3,20260526,2.9113924050632924,0.9640662670135498,0.8465074896812439,0.1122538298368454,0.000244140625
dmsr_normal_narrow_s0.3,20260526,3.1645569620253173,0.973235547542572,0.841200590133667,0.1275908350944519,0.0
dmsr_normal_narrow_s0.3,20260526,3.417721518987342,1.0489025115966797,0.8750766515731812,0.1812976747751236,0.0
dmsr_normal_narrow_s0.3,20260526,3.670886075949369,1.1322495937347412,0.9051538109779358,0.22159253060817719,0.0
dmsr_normal_narrow_s0.3,20260526,3.9240506329113938,1.1449272632598877,0.9345741271972656,0.20901909470558167,0.0
dmsr_normal_narrow_s0.3,20260526,4.177215189873419,1.1471467018127441,0.9260532259941101,0.22501304745674133,0.0
dmsr_normal_narrow_s0.3,20260526,4.4303797468354436,1.1796566247940063,0.9463679790496826,0.2091677486896515,0.0
dmsr_normal_narrow_s0.3,20260526,4.6835443037974684,1.1730670928955078,0.9666179418563843,0.20831941068172455,0.0
dmsr_normal_narrow_s0.3,20260526,4.936708860759495,1.2395235300064087,0.9581873416900635,0.2805843651294708,0.000244140625
dmsr_normal_narrow_s0.3,20260526,5.18987341772152,1.346604585647583,0.9956024885177612,0.37106120586395264,0.0
dmsr_normal_narrow_s0.3,20260526,5.443037974683545,1.2798848152160645,0.9320111274719238,0.36594921350479126,0.0
dmsr_normal_narrow_s0.3,20260526,5.6962025316455716,1.2954927682876587,0.9512332677841187,0.3624644875526428,0.0
dmsr_normal_narrow_s0.3,20260526,5.949367088607596,1.3234524726867676,0.9864608645439148,0.31965935230255127,0.0
dmsr_normal_narrow_s0.3,20260526,6.202531645569621,1.2466719150543213,1.0108375549316406,0.24325738847255707,0.0
dmsr_normal_narrow_s0.3,20260526,6.455696202531648,1.198193073272705,0.9870278239250183,0.2130061537027359,0.000244140625
dmsr_normal_narrow_s0.3,20260526,6.708860759493671,1.1733543872833252,0.9825130701065063,0.2304210364818573,0.0
dmsr_normal_narrow_s0.3,20260526,6.962025316455698,1.170264482498169,0.9710146188735962,0.1996525526046753,0.0
dmsr_normal_narrow_s0.3,20260526,7.215189873417721,1.1427003145217896,0.9697163701057434,0.18082404136657715,0.0
dmsr_normal_narrow_s0.3,20260526,7.4683544303797476,1.1673725843429565,0.9861644506454468,0.1839597225189209,0.0
dmsr_normal_narrow_s0.3,20260526,7.721518987341774,1.1251251697540283,0.9582132697105408,0.16071189939975739,0.0
dmsr_normal_narrow_s0.3,20260526,7.974683544303797,1.1652891635894775,1.006131649017334,0.15537378191947937,0.00048828125
dmsr_normal_narrow_s0.3,20260526,8.227848101265824,1.2158271074295044,1.0150140523910522,0.20284201204776764,0.0
dmsr_normal_narrow_s0.3,20260526,8.48101265822785,1.2524287700653076,1.0238606929779053,0.23041565716266632,0.000244140625
dmsr_normal_narrow_s0.3,20260526,8.734177215189874,1.277693748474121,1.028494954109192,0.2432970106601715,0.0
dmsr_normal_narrow_s0.3,20260526,8.9873417721519,1.3136043548583984,1.003737449645996,0.3039395213127136,0.0
dmsr_normal_narrow_s0.3,20260526,9.240506329113927,1.2569977045059204,1.0142654180526733,0.2698286771774292,0.0
dmsr_normal_narrow_s0.3,20260526,9.49367088607595,1.2542574405670166,0.9860867261886597,0.23624874651432037,0.0
dmsr_normal_narrow_s0.3,20260526,9.746835443037977,1.3097532987594604,1.0333423614501953,0.2910832166671753,0.0
dmsr_normal_narrow_s0.3,20260526,10.0,1.3331025838851929,1.021850347518921,0.30690157413482666,0.0
dmsr_laplace_b0.5,20260526,-10.0,0.02739390730857849,0.00019319771672599018,0.027253393083810806,0.49755859375
dmsr_laplace_b0.5,20260526,-9.746835443037975,0.04374000430107117,0.00025033255224116147,0.043669965118169785,0.488525390625
dmsr_laplace_b0.5,20260526,-9.49367088607595,0.026514634490013123,0.00032214366365224123,0.026213742792606354,0.4990234375
dmsr_laplace_b0.5,20260526,-9.240506329113924,0.01454746164381504,0.0004114301409572363,0.014038348570466042,0.50927734375
dmsr_laplace_b0.5,20260526,-8.987341772151899,0.02967081591486931,0.0005365835386328399,0.02913397178053856,0.498046875
dmsr_laplace_b0.5,20260526,-8.734177215189874,0.023413345217704773,0.0006852941587567329,0.022483650594949722,0.518310546875
dmsr_laplace_b0.5,20260526,-8.481012658227847,0.008563853800296783,0.0008854884654283524,0.007641203235834837,0.507568359375
dmsr_laplace_b0.5,20260526,-8.227848101265822,0.01489387359470129,0.0011233463883399963,0.01371503621339798,0.50927734375
dmsr_laplace_b0.5,20260526,-7.974683544303797,0.011521132662892342,0.0014752792194485664,0.009970974177122116,0.505126953125
dmsr_laplace_b0.5,20260526,-7.7215189873417724,0.017523935064673424,0.0018966968636959791,0.015423852950334549,0.516357421875
dmsr_laplace_b0.5,20260526,-7.468354430379747,0.015940114855766296,0.002397280652076006,0.013503908179700375,0.5078125
dmsr_laplace_b0.5,20260526,-7.215189873417721,0.020509161055088043,0.003098171902820468,0.017068227753043175,0.517578125
dmsr_laplace_b0.5,20260526,-6.962025316455696,0.025727782398462296,0.0039658271707594395,0.02199321798980236,0.504150390625
dmsr_laplace_b0.5,20260526,-6.708860759493671,0.019513502717018127,0.005119195207953453,0.01457451656460762,0.509521484375
dmsr_laplace_b0.5,20260526,-6.455696202531645,0.024823259562253952,0.006548683159053326,0.017592379823327065,0.517822265625
dmsr_laplace_b0.5,20260526,-6.20253164556962,0.023512937128543854,0.0084298737347126,0.015261713415384293,0.50244140625
dmsr_laplace_b0.5,20260526,-5.949367088607595,0.04739103093743324,0.0107512716203928,0.037149637937545776,0.4921875
dmsr_laplace_b0.5,20260526,-5.69620253164557,0.08686970919370651,0.014069736003875732,0.07343024015426636,0.495849609375
dmsr_laplace_b0.5,20260526,-5.443037974683544,0.0744430422782898,0.018004141747951508,0.057324741035699844,0.49658203125
dmsr_laplace_b0.5,20260526,-5.189873417721518,0.0959264487028122,0.023198742419481277,0.07071822136640549,0.513427734375
dmsr_laplace_b0.5,20260526,-4.936708860759493,0.10606557130813599,0.029673168435692787,0.07489542663097382,0.498779296875
dmsr_laplace_b0.5,20260526,-4.6835443037974684,0.07317081093788147,0.0381615050137043,0.03621361404657364,0.499755859375
dmsr_laplace_b0.5,20260526,-4.430379746835443,0.08343147486448288,0.048393070697784424,0.03459285572171211,0.511474609375
dmsr_laplace_b0.5,20260526,-4.177215189873417,0.09617406129837036,0.06101946532726288,0.032749682664871216,0.51806640625
dmsr_laplace_b0.5,20260526,-3.924050632911392,0.09619417041540146,0.07711698114871979,0.020228376612067223,0.462646484375
dmsr_laplace_b0.5,20260526,-3.670886075949367,0.1108173057436943,0.09614090621471405,0.014945359900593758,0.381591796875
dmsr_laplace_b0.5,20260526,-3.4177215189873413,0.133010134100914,0.12019933015108109,0.013881595805287361,0.35888671875
dmsr_laplace_b0.5,20260526,-3.1645569620253156,0.16163572669029236,0.150800421833992,0.010668084025382996,0.34814453125
dmsr_laplace_b0.5,20260526,-2.9113924050632907,0.19300052523612976,0.18567615747451782,0.008342071436345577,0.32373046875
dmsr_laplace_b0.5,20260526,-2.6582278481012658,0.24314537644386292,0.2300843894481659,0.01324139628559351,0.302734375
dmsr_laplace_b0.5,20260526,-2.40506329113924,0.2755683660507202,0.2682875692844391,0.007850351743400097,0.26318359375
dmsr_laplace_b0.5,20260526,-2.1518987341772142,0.33127114176750183,0.3265264630317688,0.0061777085065841675,0.248291015625
dmsr_laplace_b0.5,20260526,-1.8987341772151893,0.3842475712299347,0.37137240171432495,0.00915420614182949,0.22265625
dmsr_laplace_b0.5,20260526,-1.6455696202531644,0.4396982789039612,0.4329105019569397,0.005960611626505852,0.19921875
dmsr_laplace_b0.5,20260526,-1.3924050632911396,0.4722612500190735,0.4691861569881439,0.0036389785818755627,0.168701171875
dmsr_laplace_b0.5,20260526,-1.139240506329113,0.5363068580627441,0.5297044515609741,0.0064992341212928295,0.15087890625
dmsr_laplace_b0.5,20260526,-0.886075949367088,0.5385656952857971,0.5310482978820801,0.0070734391920268536,0.10888671875
dmsr_laplace_b0.5,20260526,-0.6329113924050631,0.552180826663971,0.5457228422164917,0.0034740660339593887,0.090087890625
dmsr_laplace_b0.5,20260526,-0.37974683544303645,0.5545321702957153,0.5525392293930054,0.002220570808276534,0.06787109375
dmsr_laplace_b0.5,20260526,-0.12658227848101156,0.5285153388977051,0.525878369808197,0.0026125353761017323,0.050048828125
dmsr_laplace_b0.5,20260526,0.12658227848101333,0.5133716464042664,0.5132825374603271,0.0020403352100402117,0.037841796875
dmsr_laplace_b0.5,20260526,0.3797468354430382,0.4157625436782837,0.4142392575740814,0.0017226742347702384,0.015625
dmsr_laplace_b0.5,20260526,0.6329113924050631,0.46102383732795715,0.45285284519195557,0.0037712757475674152,0.011962890625
dmsr_laplace_b0.5,20260526,0.8860759493670898,0.46316877007484436,0.45867374539375305,0.003751401323825121,0.006591796875
dmsr_laplace_b0.5,20260526,1.1392405063291147,0.5061964988708496,0.5040626525878906,0.0030061379075050354,0.006103515625
dmsr_laplace_b0.5,20260526,1.3924050632911396,0.549103856086731,0.54852694272995,0.004158013500273228,0.00341796875
dmsr_laplace_b0.5,20260526,1.6455696202531662,0.6107990741729736,0.6051807403564453,0.006244750693440437,0.002197265625
dmsr_laplace_b0.5,20260526,1.898734177215191,0.6342377066612244,0.6273180842399597,0.005703212693333626,0.00048828125
dmsr_laplace_b0.5,20260526,2.151898734177216,0.6938236951828003,0.683350145816803,0.009043813683092594,0.00048828125
dmsr_laplace_b0.5,20260526,2.405063291139241,0.7381665706634521,0.7208199501037598,0.013498230837285519,0.000244140625
dmsr_laplace_b0.5,20260526,2.6582278481012658,0.7683061361312866,0.7533317804336548,0.01282433606684208,0.000244140625
dmsr_laplace_b0.5,20260526,2.9113924050632924,0.8549258708953857,0.8465074896812439,0.011652647517621517,0.000244140625
dmsr_laplace_b0.5,20260526,3.1645569620253173,0.8543381690979004,0.841200590133667,0.012845207005739212,0.0
dmsr_laplace_b0.5,20260526,3.417721518987342,0.8902676701545715,0.8750766515731812,0.011075859889388084,0.0
dmsr_laplace_b0.5,20260526,3.670886075949369,0.9126895070075989,0.9051538109779358,0.009009943343698978,0.0
dmsr_laplace_b0.5,20260526,3.9240506329113938,0.9456577301025391,0.9345741271972656,0.011409979313611984,0.0
dmsr_laplace_b0.5,20260526,4.177215189873419,0.9396882653236389,0.9260532259941101,0.013637559488415718,0.0
dmsr_laplace_b0.5,20260526,4.4303797468354436,0.9642913341522217,0.9463679790496826,0.01646219566464424,0.0
dmsr_laplace_b0.5,20260526,4.6835443037974684,0.9870617985725403,0.9666179418563843,0.02560565434396267,0.0
dmsr_laplace_b0.5,20260526,4.936708860759495,0.9893876314163208,0.9581873416900635,0.033374544233083725,0.000244140625
dmsr_laplace_b0.5,20260526,5.18987341772152,1.0114872455596924,0.9956024885177612,0.034027062356472015,0.0
dmsr_laplace_b0.5,20260526,5.443037974683545,0.9639805555343628,0.9320111274719238,0.03680041804909706,0.0
dmsr_laplace_b0.5,20260526,5.6962025316455716,0.9843412637710571,0.9512332677841187,0.03587924689054489,0.0
dmsr_laplace_b0.5,20260526,5.949367088607596,1.0147895812988281,0.9864608645439148,0.037358544766902924,0.0
dmsr_laplace_b0.5,20260526,6.202531645569621,1.0451645851135254,1.0108375549316406,0.04100412875413895,0.0
dmsr_laplace_b0.5,20260526,6.455696202531648,1.029649019241333,0.9870278239250183,0.04069501906633377,0.000244140625
dmsr_laplace_b0.5,20260526,6.708860759493671,1.0142215490341187,0.9825130701065063,0.04051022604107857,0.0
dmsr_laplace_b0.5,20260526,6.962025316455698,1.0129499435424805,0.9710146188735962,0.04234272241592407,0.0
dmsr_laplace_b0.5,20260526,7.215189873417721,1.0106252431869507,0.9697163701057434,0.04539951682090759,0.0
dmsr_laplace_b0.5,20260526,7.4683544303797476,1.0320253372192383,0.9861644506454468,0.05243031680583954,0.0
dmsr_laplace_b0.5,20260526,7.721518987341774,1.0099022388458252,0.9582132697105408,0.04975087195634842,0.0
dmsr_laplace_b0.5,20260526,7.974683544303797,1.0570356845855713,1.006131649017334,0.04826931655406952,0.00048828125
dmsr_laplace_b0.5,20260526,8.227848101265824,1.0610272884368896,1.0150140523910522,0.04783189296722412,0.0
dmsr_laplace_b0.5,20260526,8.48101265822785,1.0808948278427124,1.0238606929779053,0.048439234495162964,0.000244140625
dmsr_laplace_b0.5,20260526,8.734177215189874,1.0723087787628174,1.028494954109192,0.04751352220773697,0.0
dmsr_laplace_b0.5,20260526,8.9873417721519,1.0610618591308594,1.003737449645996,0.05696480721235275,0.0
dmsr_laplace_b0.5,20260526,9.240506329113927,1.0622997283935547,1.0142654180526733,0.057847410440444946,0.0
dmsr_laplace_b0.5,20260526,9.49367088607595,1.049850583076477,0.9860867261886597,0.05411595106124878,0.0
dmsr_laplace_b0.5,20260526,9.746835443037977,1.07669997215271,1.0333423614501953,0.05505070462822914,0.0
dmsr_laplace_b0.5,20260526,10.0,1.0730435848236084,1.021850347518921,0.05685119330883026,0.0
